target,position,layer,r2,r2_shuffled,r2_random
answer,pre_x,0,-0.00047327588493972783,-0.0038766411640600573,-0.0004732781214837889
x,pre_x,0,-0.0007603193256664476,-0.0053882067592043725,-0.0007603211577207336
c1x,pre_x,0,-0.0004972250465180572,-0.002637797576702239,-0.000497225626701292
y,pre_x,0,-0.0002040817888906421,-0.0045144998159305505,-0.00020408368270485866
c2y,pre_x,0,-0.0005498008324669179,-0.00044410492860502693,-0.0005498012079858672
answer~nonlin,pre_x,0,-0.0006219254004646846,-0.00471052003455541,-0.0006219254158672527
x~nonlin,pre_x,0,-0.00027950744125249116,-0.0012446888116752763,-0.00027950701673251643
c1x~nonlin,pre_x,0,-0.0028367841362817448,-0.001052393265053908,-0.0028367841734364685
y~nonlin,pre_x,0,-0.0009222907671591063,-0.001373999337298537,-0.0009222907561126092
c2y~nonlin,pre_x,0,-0.0004719253718021843,-0.001438159023892993,-0.0004719253772909049
answer,pre_x,2,0.016463374333816838,0.00026072237178864643,-0.0012737869108190303
x,pre_x,2,0.0038198605718212653,-0.009180431656265364,0.0018956285005101714
c1x,pre_x,2,0.005211511611577069,-0.006812532486277112,0.0008896789469949873
y,pre_x,2,0.0235223714095959,-0.017655416934001078,0.0002310957929537727
c2y,pre_x,2,0.017422111989402023,-0.007907836614422958,-0.001184195501710894
answer~nonlin,pre_x,2,-0.0018735509421223817,-0.01188595347897703,-0.006173392938547462
x~nonlin,pre_x,2,0.006662605457846693,0.0042713340255918775,-0.0010140170628880618
c1x~nonlin,pre_x,2,-0.0109642231907221,-0.005371446451728046,-0.008516528619849861
y~nonlin,pre_x,2,-0.0010106564396255013,0.0003545028652133242,-0.00630145083370337
c2y~nonlin,pre_x,2,-0.0006819297693567705,-0.011519299251930626,-0.00558808125667043
answer,pre_x,4,0.010507749151863255,0.00020903280721940032,-0.0007576732307188472
x,pre_x,4,0.007166974430905859,-0.008652070231327302,0.006335178388464646
c1x,pre_x,4,0.006541432379416623,-0.009159523000697556,0.008757654614101829
y,pre_x,4,0.018012336888008296,-0.017278300301639682,0.001966333722963287
c2y,pre_x,4,0.011707390302730603,-0.005858137071955705,-0.0003462395884576974
answer~nonlin,pre_x,4,-0.004917210290930507,-0.011778942583771324,-0.0009248828600680881
x~nonlin,pre_x,4,0.007353870741497959,0.007437153626302373,0.004965525144821292
c1x~nonlin,pre_x,4,-0.0037902269879497297,-0.0032725461073237483,-0.006188008120323607
y~nonlin,pre_x,4,-0.002984969186107689,-0.0022631022695573932,-0.0025516235179281477
c2y~nonlin,pre_x,4,-0.0038130955676811684,-0.011554993634492305,-0.000769756896026097
answer,pre_x,6,0.09394269804736044,-0.0014668356643487979,0.027381819003969854
x,pre_x,6,0.0008300301825104883,-0.008411702025381773,-0.006294228649543543
c1x,pre_x,6,0.08707912028591269,-0.006241041557633498,0.015858631851768834
y,pre_x,6,0.1165172414589849,-0.01564649655164385,0.05496811126002199
c2y,pre_x,6,0.0981135421954068,-0.006272365783152267,0.03246030328040583
answer~nonlin,pre_x,6,-0.00715545470978296,-0.009061441186662522,-0.0011494472138213752
x~nonlin,pre_x,6,0.0024895665534633293,0.004188626921022842,-0.0014392928250002157
c1x~nonlin,pre_x,6,-0.008567628261172855,-0.005618730239177028,-0.003473295657598019
y~nonlin,pre_x,6,-0.00052925394657799,-0.005097756053727975,-0.0029037926803154868
c2y~nonlin,pre_x,6,-0.005797436838530512,-0.009934254842877799,-0.00202188550244764
answer,pre_x,8,0.10720944382728459,-0.0018669461932909748,0.05541343155986289
x,pre_x,8,0.021453417100887773,-0.01332798421668957,0.017692170666132823
c1x,pre_x,8,0.13123116608525442,-0.008493554428661731,0.04336590119508821
y,pre_x,8,0.15715626992562926,-0.01901050455440645,0.0763555813185336
c2y,pre_x,8,0.10976628013639422,-0.00797174903261455,0.05814031172828105
answer~nonlin,pre_x,8,-0.007918760071934372,-0.009935891928527285,0.001816256545870143
x~nonlin,pre_x,8,0.010715749390386775,0.0064564077606559245,-0.00697617727995814
c1x~nonlin,pre_x,8,0.003308120859593311,-0.011797415077356987,0.010030873626134973
y~nonlin,pre_x,8,-0.00046558911628702404,-0.004571024000491253,0.003368387254377825
c2y~nonlin,pre_x,8,-0.00775470717539628,-0.012533572531819859,0.0065468657885481285
answer,pre_x,10,0.1331958146662331,0.002542275914961478,0.09283971576796168
x,pre_x,10,0.023053980363241355,-0.00939814402498973,0.03356613836520794
c1x,pre_x,10,0.14229026057282346,-0.003208203887917316,0.09346592428076028
y,pre_x,10,0.16627635828146325,-0.011543002758541032,0.10411422759346267
c2y,pre_x,10,0.1308034641148167,-0.011163391020035274,0.09286337365311359
answer~nonlin,pre_x,10,-0.0031856958037277394,-0.010726453011657311,-0.005709591802034897
x~nonlin,pre_x,10,0.0007831055099438711,0.009994236841554316,0.012939067265839044
c1x~nonlin,pre_x,10,0.002837242198306056,-0.009638928389744894,-0.00035226149419975705
y~nonlin,pre_x,10,-0.0009573839009180407,-0.007653793903894535,-0.003547559323728189
c2y~nonlin,pre_x,10,-0.0030350775141609887,-0.010014697584249888,-0.0052295063010801
answer,pre_x,12,0.18292912549305862,-0.0040556777449702874,0.10960292795875026
x,pre_x,12,0.0713472208940783,-0.011277330969348354,0.04448618845005614
c1x,pre_x,12,0.19713943675216494,-0.008362408780953734,0.10841979430689397
y,pre_x,12,0.2222454107280163,-0.0146784369888604,0.11606240548498403
c2y,pre_x,12,0.1853397044326649,-0.009105069744881122,0.11099002153806592
answer~nonlin,pre_x,12,0.006743258942649599,-0.010430734286934973,0.0007280584165723081
x~nonlin,pre_x,12,0.004090086775376811,0.009303406915161072,0.012063466707602832
c1x~nonlin,pre_x,12,0.0017965920549127823,-0.010294207261177357,-0.0004082094533242042
y~nonlin,pre_x,12,-0.0033835909274146925,-0.011196637491412087,-0.001246564979334952
c2y~nonlin,pre_x,12,0.005775306534978153,-0.002067622395413027,-8.068119327253598e-05
answer,pre_x,14,0.29031849702074664,-0.005077755932794359,0.14957736359936913
x,pre_x,14,0.21959717465588702,-0.009335729742337318,0.07950473453518836
c1x,pre_x,14,0.318967842843653,-0.0025854471715363037,0.13674675410568227
y,pre_x,14,0.3401973402399533,-0.012903090617325974,0.1634982324303229
c2y,pre_x,14,0.2926778141686016,-0.006463958351303978,0.15135326660391735
answer~nonlin,pre_x,14,0.022378669343840363,-0.011745737491923203,0.006243299907131461
x~nonlin,pre_x,14,0.054954064814413894,0.0020709106013541145,0.03267634685747223
c1x~nonlin,pre_x,14,0.007309029101034592,-0.009222538090636778,-0.002400463442153944
y~nonlin,pre_x,14,0.0082693363548475,-0.013507090284863299,-0.001501137140988762
c2y~nonlin,pre_x,14,0.022078969235918344,-0.0029784025219092847,0.0042549048310233095
answer,pre_x,16,0.35005857928653494,-0.001913994865893498,0.208678290169233
x,pre_x,16,0.2621088082566746,-0.007697478577216144,0.14854312602902586
c1x,pre_x,16,0.3947296858813636,-0.009831959566626525,0.20813995933923812
y,pre_x,16,0.4190432240252173,-0.0069446380189139845,0.2591985436305384
c2y,pre_x,16,0.3534864345837997,-0.005759162157203512,0.21687352673455484
answer~nonlin,pre_x,16,0.009803375069272646,-0.0063252429882401096,0.023092647532515165
x~nonlin,pre_x,16,0.08030389752237377,0.009550035279062286,0.05531945853105302
c1x~nonlin,pre_x,16,0.0011587760655787926,-0.009874367241887949,0.0002583455695708281
y~nonlin,pre_x,16,0.0012374088468322109,-0.016311011451607405,-0.003918929176137453
c2y~nonlin,pre_x,16,0.008668180210009924,-0.004631814521422584,0.02760216578116792
answer,pre_x,18,0.5164292511393453,-0.005303330274868845,0.21020455151102424
x,pre_x,18,0.5700117106512719,-0.006405886579840425,0.2798573472097793
c1x,pre_x,18,0.6320138571961349,-0.00997410893285422,0.3031606532954123
y,pre_x,18,0.6298639170705715,-0.008552900932316199,0.3059882650193736
c2y,pre_x,18,0.5226251807838967,-0.007062270382696578,0.21611664274383435
answer~nonlin,pre_x,18,0.015150186890084072,-0.010060574407984912,-0.0036387607182106763
x~nonlin,pre_x,18,0.2324299784211955,0.00969506440549095,0.0972456341212855
c1x~nonlin,pre_x,18,-0.0021887611403952345,-0.009252711017256221,-0.0038958797185961735
y~nonlin,pre_x,18,-0.003669256191525694,-0.012704515964828689,-0.001236084379307334
c2y~nonlin,pre_x,18,0.013290116034955113,-0.010659797405107696,-0.004277584183386862
answer,pre_x,20,0.5816349302074812,-0.005090861285451664,0.4303586891164799
x,pre_x,20,0.733975434934058,-0.007841346334431787,0.590408004518827
c1x,pre_x,20,0.7263378644229274,-0.01017026816458566,0.5441217003938454
y,pre_x,20,0.711350096694426,-0.011697480629532686,0.5335474829029785
c2y,pre_x,20,0.583858003704743,-0.0034477300412829592,0.43343875546377586
answer~nonlin,pre_x,20,0.011762058422917998,-0.003560642832316052,0.005453740957787945
x~nonlin,pre_x,20,0.41802460794115925,0.006559094578866498,0.27686933248748913
c1x~nonlin,pre_x,20,-0.0005475020807235165,-0.003072601986288115,-0.0033239349125917528
y~nonlin,pre_x,20,-0.002912803324742974,-0.010336638142544041,-0.0008610776273862975
c2y~nonlin,pre_x,20,0.010262886520679637,-0.009581334150519316,0.005267531609271625
answer,pre_x,22,0.5907786651679684,-0.0031358812309751904,0.3211050626176356
x,pre_x,22,0.732415646196958,-0.008121056750475919,0.4733208987128781
c1x,pre_x,22,0.7210421422539861,-0.00958644922491203,0.3906679273698126
y,pre_x,22,0.7107151848467872,-0.007378368059308249,0.4028052987317753
c2y,pre_x,22,0.5933034970780424,-0.002742516381228466,0.32118681704286156
answer~nonlin,pre_x,22,0.00916846963694995,-0.0026449233502883196,0.004855970571721158
x~nonlin,pre_x,22,0.4035036217153082,0.008037727563318664,0.22061901859131694
c1x~nonlin,pre_x,22,0.002238666286081603,-0.0031755190467146477,-0.005468691588369046
y~nonlin,pre_x,22,-0.0034816481811523747,-0.011052915985532374,-0.007907898932930202
c2y~nonlin,pre_x,22,0.008836663552122759,-0.009586825699047452,0.005475212958951037
answer,pre_x,24,0.7061502520314111,-0.00228496969471359,0.47378053628010053
x,pre_x,24,0.9568029080695174,-0.01177087400391108,0.7493362496489757
c1x,pre_x,24,0.8610349249571513,-0.012075295950353615,0.6069196346807826
y,pre_x,24,0.8417634183522974,-0.013507404681018187,0.5712256261784605
c2y,pre_x,24,0.7063538842517931,-0.0013851213223701198,0.47919257880625654
answer~nonlin,pre_x,24,0.005524618239414414,0.001473589081878779,-0.0033199651769746374
x~nonlin,pre_x,24,0.7741377234673412,0.003795993870300829,0.520337431668425
c1x~nonlin,pre_x,24,0.00017365142792757915,-0.007718449880926848,-0.00847570142417542
y~nonlin,pre_x,24,-0.0020782053982120186,-0.015636188008718355,-0.002965266456953275
c2y~nonlin,pre_x,24,0.004923808096527482,-0.011824022676593104,-0.0020665497194745086
answer,pre_x,26,0.7073847662904034,-1.3937715704903653e-05,0.5142686598807031
x,pre_x,26,0.9519741767910573,-0.010973024680510424,0.7818773105560295
c1x,pre_x,26,0.8556205529399326,-0.01026183863334107,0.6459126462133957
y,pre_x,26,0.8370158880838197,-0.012735152558361218,0.6184276895654814
c2y,pre_x,26,0.7069797125686101,-0.003216194598035349,0.5159202456340501
answer~nonlin,pre_x,26,0.004474496037949027,0.0031332542469364455,-0.0020685209696771345
x~nonlin,pre_x,26,0.7565128636462639,0.005058681858481573,0.5498428508878554
c1x~nonlin,pre_x,26,0.0064634630952936645,-0.00948301471976376,-8.743019867463175e-05
y~nonlin,pre_x,26,0.002135311900201664,-0.015220727603601825,0.0028734174093656417
c2y~nonlin,pre_x,26,0.006025937640660728,-0.012959948238560948,-0.0012218015611231703
answer,pre_x,28,0.7084443578619639,-0.0014518905784748348,0.5677861306554528
x,pre_x,28,0.9449872773259923,-0.009977315627758943,0.8247914255422515
c1x,pre_x,28,0.8452151967636565,-0.00875731446170458,0.6979333139773722
y,pre_x,28,0.8233251549898584,-0.015251335085286533,0.6670508678098234
c2y,pre_x,28,0.7055164715927822,-0.001312903120291864,0.5684938921591185
answer~nonlin,pre_x,28,0.0006676046221082421,0.0007734611037267802,-0.006292940542413028
x~nonlin,pre_x,28,0.7529098214900318,0.007261449652580576,0.6049046520837024
c1x~nonlin,pre_x,28,0.006493951946427545,-0.009748110323469783,0.0023566194160679066
y~nonlin,pre_x,28,0.003080241683651286,-0.014215230156700676,-0.003022338608660524
c2y~nonlin,pre_x,28,0.00018741515534970166,-0.012352877370172877,-0.005429152723033681
answer,val_x,0,-0.008988637222135054,-0.01176733862207513,-0.0011560443251121821
x,val_x,0,-0.0010472369850205165,-0.006024468735257749,-0.00019404448093562898
c1x,val_x,0,-0.0030360844119061703,-0.007593888016829142,-0.0003966044045036199
y,val_x,0,-0.0047712666397379255,-0.0034659855200844802,-0.0010968730248213099
c2y,val_x,0,-0.009323271409620082,-0.011799977159450137,-0.0011152798248419415
answer~nonlin,val_x,0,-0.011057689847310925,-0.005418228127452407,-0.007866638506301982
x~nonlin,val_x,0,-0.00370655819700616,-0.008452475323521114,-5.750270199000873e-05
c1x~nonlin,val_x,0,-0.0025701072154478144,-0.010055021278020382,-0.003146068179500139
y~nonlin,val_x,0,-0.004630908732141448,-0.010500041491290135,-0.003920269573558954
c2y~nonlin,val_x,0,-0.010093684587746399,-0.009528816391336958,-0.009225100267486352
answer,val_x,2,0.620995004292671,-0.011572303614427737,0.5979683027290883
x,val_x,2,0.9993862109396225,-0.009568315433115204,0.9894788105213088
c1x,val_x,2,0.801389091563483,-0.013214431252078995,0.7989786252448156
y,val_x,2,0.7780403902877102,-0.00477129823891187,0.7594048537710503
c2y,val_x,2,0.617251373089857,-0.013825804159915744,0.5972465709400363
answer~nonlin,val_x,2,-0.012250498953576328,-0.00785646830224529,-0.0007406294045919637
x~nonlin,val_x,2,0.7215740932369514,-0.011385140112945447,0.7133673296474958
c1x~nonlin,val_x,2,-0.013306928069006574,-0.0150747523231618,-0.0033653018773944776
y~nonlin,val_x,2,-0.005853602776260791,-0.02129591928774599,-0.0025137393486776016
c2y~nonlin,val_x,2,-0.012016583227995037,-0.008516798293218164,-0.0005785740098702696
answer,val_x,4,0.6912243860369861,-0.010157910173910434,0.630972191220663
x,val_x,4,0.9986226899655732,-0.009420055628191815,0.9735146497005494
c1x,val_x,4,0.872639948281306,-0.011973381875990396,0.8258308101008256
y,val_x,4,0.8372589666200192,-0.006242703889373313,0.7824321643119181
c2y,val_x,4,0.6920368233267661,-0.008865861682841425,0.6307226932724825
answer~nonlin,val_x,4,-0.010807959535957368,-0.0028004118099722586,-0.0009040504337518573
x~nonlin,val_x,4,0.7211321135834116,-0.005652292491227895,0.7119466480843006
c1x~nonlin,val_x,4,-0.010410546968121492,-0.015711707178862167,-0.017096336387852906
y~nonlin,val_x,4,-0.0036153245884626983,-0.01623584658697297,-0.0056260299409203185
c2y~nonlin,val_x,4,-0.0110123917657039,-0.0074946190315750005,-0.0007376060062325163
answer,val_x,6,0.6285503605564762,-0.011493309452767164,0.6073022404036015
x,val_x,6,0.99716669053345,-0.008867451800095738,0.953793111718153
c1x,val_x,6,0.81285123813246,-0.01428524810745313,0.7928801516350092
y,val_x,6,0.7764225076425664,-0.006795934759437738,0.7536692558390012
c2y,val_x,6,0.6303709815231033,-0.008309104665133349,0.6075626094172268
answer~nonlin,val_x,6,-0.009700583552447295,-0.001759654583851411,-0.0008299870068564363
x~nonlin,val_x,6,0.7053639880108498,-0.007228988664152114,0.6855056476554319
c1x~nonlin,val_x,6,-0.008498932492490008,-0.016246222064997706,-0.0038306363856686065
y~nonlin,val_x,6,-0.0023829200089822145,-0.013119084153379923,-0.004381602148333608
c2y~nonlin,val_x,6,-0.010150554207411844,-0.007714183767967064,-0.0006267970513256227
answer,val_x,8,0.6749912117467431,-0.01343643482250334,0.6073865348736527
x,val_x,8,0.9960784903697659,-0.007485498279889757,0.966254418663923
c1x,val_x,8,0.8636292837691962,-0.015762966366545283,0.7795521788929654
y,val_x,8,0.8449516232100739,-0.005657598459561042,0.7588781196825769
c2y,val_x,8,0.6756737485752788,-0.0106060272133357,0.6055955635877098
answer~nonlin,val_x,8,-0.013190745549624072,-0.002241878130470054,-0.0008979563213071806
x~nonlin,val_x,8,0.7071387206034857,-0.0052692418963238286,0.6897766942842544
c1x~nonlin,val_x,8,-0.009668730195839803,-0.012822861121194684,-0.0034675397005259345
y~nonlin,val_x,8,-0.005030633023328734,-0.01140297171470328,-0.0011717301539742042
c2y~nonlin,val_x,8,-0.012815846873897252,-0.008526998653921813,-0.0007121317678155936
answer,val_x,10,0.699791734532288,-0.010301116591999726,0.5901120111644991
x,val_x,10,0.993140281667901,-0.010565399486536231,0.9496442897095236
c1x,val_x,10,0.8668948461020477,-0.017078238795855682,0.7743059586922645
y,val_x,10,0.855901713084294,-0.005757690262368609,0.7490112181291733
c2y,val_x,10,0.6981819874390183,-0.012907724317658298,0.593435450642827
answer~nonlin,val_x,10,-0.014179362586850486,-0.004050416003338331,-0.0009716441623006666
x~nonlin,val_x,10,0.8173102020645039,0.0019589084440542193,0.7085669671576583
c1x~nonlin,val_x,10,-0.012779053109085892,-0.009466406175071551,-0.00298435892931348
y~nonlin,val_x,10,-0.008013427038895626,-0.013446430785954755,-0.0017368234121897252
c2y~nonlin,val_x,10,-0.014688745119646018,-0.008752274353570844,-0.0007925619846769205
answer,val_x,12,0.7170320828402538,-0.010417465303085516,0.6195967637302331
x,val_x,12,0.9921507365689624,-0.014129048187335735,0.9667281756651556
c1x,val_x,12,0.8792089020957998,-0.014396356974157865,0.7966623225792457
y,val_x,12,0.8719990891123202,-0.007877939036861514,0.7649109457120375
c2y,val_x,12,0.7147999967449483,-0.01434413342908547,0.6248813164136704
answer~nonlin,val_x,12,-0.007820599204323209,-0.0015451301355322578,-0.000868817104592079
x~nonlin,val_x,12,0.7988047372201051,0.0022780150618945116,0.7398150360370841
c1x~nonlin,val_x,12,-0.008500116032231997,-0.010705358951014654,-0.0035096049201082113
y~nonlin,val_x,12,-0.006805236362860123,-0.013613127371675526,-0.0049435477038271
c2y~nonlin,val_x,12,-0.00871247529912389,-0.007299791912722231,-0.0007406060402459502
answer,val_x,14,0.7627513248536624,-0.007472725762678989,0.6715636324365746
x,val_x,14,0.9923921508535336,-0.014000573785152959,0.9617151125984149
c1x,val_x,14,0.9402035225864007,-0.01677207707361328,0.8343459719648223
y,val_x,14,0.9284522432217883,-0.00919817226123043,0.8140724354415426
c2y,val_x,14,0.7645891605697609,-0.009988016831170121,0.6708723705419419
answer~nonlin,val_x,14,-0.003553560769609554,-0.003574717265428351,-0.0010633386077607554
x~nonlin,val_x,14,0.7819624266276629,-0.0009860592024344417,0.7100253444742957
c1x~nonlin,val_x,14,-0.01043325015903429,-0.0083281156303876,-0.0036957622638200682
y~nonlin,val_x,14,-0.008065468206453374,-0.013269535635090035,-0.002055343615750882
c2y~nonlin,val_x,14,-0.005163511094555595,-0.00836146591881648,-0.0009254696963503228
answer,val_x,16,0.7953360162414543,-0.006792144346402962,0.6800905119492214
x,val_x,16,0.9845199931573423,-0.01291001883852716,0.9465489988683187
c1x,val_x,16,0.937253494597442,-0.013872716957774811,0.8238261316493045
y,val_x,16,0.9291017558116164,-0.006913395031259206,0.8103228526779298
c2y,val_x,16,0.8003986422775062,-0.0078647737515527,0.6852222732573379
answer~nonlin,val_x,16,0.015241106458853793,-0.0036003455270954277,-0.0030994518931393156
x~nonlin,val_x,16,0.7705217897468071,0.0011598460288776424,0.6876375469523458
c1x~nonlin,val_x,16,-0.0065759773823670375,-0.007325391971383155,-0.0029450917504343366
y~nonlin,val_x,16,0.002300259620619194,-0.013281177277971512,-0.016146273758717244
c2y~nonlin,val_x,16,0.0115244871785104,-0.010109383045086684,-0.0017554951609606295
answer,val_x,18,0.7568086455113738,-0.008853785322578744,0.6717182247758878
x,val_x,18,0.976818896281231,-0.010111923575100157,0.9402964090240677
c1x,val_x,18,0.9182853380562325,-0.015189281605973992,0.8395600799911405
y,val_x,18,0.9158537824325512,-0.00775404038739258,0.8335001584775756
c2y,val_x,18,0.7615750456097664,-0.0051889119185200006,0.6721104395867598
answer~nonlin,val_x,18,0.010915061944206994,-0.009887441809457886,-0.0008130628333760104
x~nonlin,val_x,18,0.7451905407548592,0.0007686587545073786,0.7079146520724364
c1x~nonlin,val_x,18,-0.008064435936844472,-0.010610235947092539,-0.009482327692405201
y~nonlin,val_x,18,-0.0007783899152120632,-0.01446205119644306,-0.008685304612329414
c2y~nonlin,val_x,18,0.008558691720153555,-0.011792796025596575,-0.0006873973127852206
answer,val_x,20,0.7400103985933114,-0.007836988116008525,0.6401834090118266
x,val_x,20,0.9761901214710698,-0.010384326100181474,0.9153541855294466
c1x,val_x,20,0.9048853791617577,-0.011894955138170848,0.8098123608336225
y,val_x,20,0.9014166103337862,-0.008048110616765358,0.7929957770983659
c2y,val_x,20,0.7413663670954458,-0.007499909499496082,0.6363860294945451
answer~nonlin,val_x,20,0.007485830337153998,-0.004802058276603738,-0.004562623645423924
x~nonlin,val_x,20,0.7394143531700381,0.008588631908217015,0.6520133826448049
c1x~nonlin,val_x,20,-0.004229931393349595,-0.011019638333883863,-0.004065485829583215
y~nonlin,val_x,20,0.00018220618304631842,-0.011829208675259828,-0.0037640542977996905
c2y~nonlin,val_x,20,0.006700953037918178,-0.009992557072716624,-0.0017462721169012596
answer,val_x,22,0.7554298841965186,-0.0067296562769463275,0.6358745460634141
x,val_x,22,0.9873270070834526,-0.007792811761702101,0.9462284981248368
c1x,val_x,22,0.9435103802842757,-0.01160914635327992,0.8246289615114195
y,val_x,22,0.9347729947076763,-0.008969642335904693,0.7982887426072849
c2y,val_x,22,0.7568575419358519,-0.00784006804096915,0.6391473360406296
answer~nonlin,val_x,22,-0.0006392114031494867,-0.003710310786476434,-0.00227558669035699
x~nonlin,val_x,22,0.7948594331356603,0.0011244493666890953,0.6838587966395868
c1x~nonlin,val_x,22,-0.004519866863097022,-0.010668542815888582,-0.0027128517421601828
y~nonlin,val_x,22,-0.0025659277620433407,-0.013426075674637605,-0.0018826260005977424
c2y~nonlin,val_x,22,-0.00038431029399155214,-0.008463867406121928,-0.005173979831795128
answer,val_x,24,0.7477976082249171,-0.005589530315520452,0.6257955767535934
x,val_x,24,0.9852784380767801,-0.009377771828251058,0.9097688565899932
c1x,val_x,24,0.9364133507410068,-0.011442600347973064,0.7988560335195615
y,val_x,24,0.9254289497429535,-0.01002119780292432,0.7757066426752119
c2y,val_x,24,0.7492044613201285,-0.008157408949908795,0.6316546772635312
answer~nonlin,val_x,24,-0.0007984067229345193,-0.005416045755439747,-0.0007178728918095789
x~nonlin,val_x,24,0.7851815642505828,0.0015067889211798358,0.6478063638052503
c1x~nonlin,val_x,24,-0.004183311877292484,-0.010973023849407237,-0.002277953126494925
y~nonlin,val_x,24,-0.001965056094008988,-0.012278531356631373,-0.0019474462061799258
c2y~nonlin,val_x,24,-0.0006996507979932787,-0.010646161563709455,-0.003699406957200946
answer,val_x,26,0.7540285100557531,-0.0040469874900535,0.6506124035603454
x,val_x,26,0.9796465733580859,-0.0083979789298676,0.8979644938080439
c1x,val_x,26,0.9307929828684631,-0.010078051400642662,0.8102448929508796
y,val_x,26,0.9203930719726144,-0.00863238951368972,0.7931417616317875
c2y,val_x,26,0.7549197176957828,-0.006813871981601993,0.6539871801765046
answer~nonlin,val_x,26,0.0006977762035091928,-0.0054654863969463285,-0.0008402741382909085
x~nonlin,val_x,26,0.7654214318880477,0.0006606202936884076,0.6110817947438911
c1x~nonlin,val_x,26,-0.0019270740242880446,-0.009924540508555735,-0.004966718244935331
y~nonlin,val_x,26,-0.0011338001035412493,-0.009995615716608341,-0.0041154281041648755
c2y~nonlin,val_x,26,0.0009202708466989895,-0.009730719322928572,-0.0007060069909603506
answer,val_x,28,0.7330581745402085,-0.00301906555914222,0.49478794927302094
x,val_x,28,0.9640071044668735,-0.004991515997948337,0.7287242294778625
c1x,val_x,28,0.9102440738867225,-0.006871003075802573,0.6190157440128778
y,val_x,28,0.8971694422538098,-0.013099780324849819,0.607293981813685
c2y,val_x,28,0.7346161223901315,-0.006880786910694381,0.495526787121088
answer~nonlin,val_x,28,-0.0014716010192390439,-0.001454922295826222,-0.001031911636548255
x~nonlin,val_x,28,0.7219039869544628,-0.00237097725939317,0.43771684470836036
c1x~nonlin,val_x,28,-0.0025846805257936367,-0.007327825898654217,-0.006650783188017595
y~nonlin,val_x,28,-0.004262731662156849,-0.011116678092101928,-0.0017135292600287677
c2y~nonlin,val_x,28,-0.0016302940645822606,-0.007957332164503006,-0.0010632755412145478
answer,pre_c1x,0,-0.00047327588493972783,-0.0038766411640600573,-0.0004732781214837889
x,pre_c1x,0,-0.0007603193256664476,-0.0053882067592043725,-0.0007603211577207336
c1x,pre_c1x,0,-0.0004972250465180572,-0.002637797576702239,-0.000497225626701292
y,pre_c1x,0,-0.0002040817888906421,-0.0045144998159305505,-0.00020408368270485866
c2y,pre_c1x,0,-0.0005498008324669179,-0.00044410492860502693,-0.0005498012079858672
answer~nonlin,pre_c1x,0,-0.0006219254004646846,-0.00471052003455541,-0.0006219254158672527
x~nonlin,pre_c1x,0,-0.00027950744125249116,-0.0012446888116752763,-0.00027950701673251643
c1x~nonlin,pre_c1x,0,-0.0028367841362817448,-0.001052393265053908,-0.0028367841734364685
y~nonlin,pre_c1x,0,-0.0009222907671591063,-0.001373999337298537,-0.0009222907561126092
c2y~nonlin,pre_c1x,0,-0.0004719253718021843,-0.001438159023892993,-0.0004719253772909049
answer,pre_c1x,2,0.7829164938574393,-0.0058359986880465176,0.7337095312269047
x,pre_c1x,2,0.9953241666474836,-0.005260469876323004,0.9434271271980242
c1x,pre_c1x,2,0.961616601538672,-0.009186898062494064,0.9104212600857137
y,pre_c1x,2,0.9412393953742987,-0.007410313295586057,0.882670251078323
c2y,pre_c1x,2,0.778314626528279,-0.013820132430001575,0.7290811057854512
answer~nonlin,pre_c1x,2,-0.010279990462528588,-0.005391255022145547,-0.0011125077401072936
x~nonlin,pre_c1x,2,0.7040333786529351,-0.008013587687026869,0.654599483444239
c1x~nonlin,pre_c1x,2,0.0001687278491440125,-0.014016553797900011,-0.007468460410147371
y~nonlin,pre_c1x,2,0.0003714523587916574,-0.018099239825504654,-0.0033988676426730535
c2y~nonlin,pre_c1x,2,-0.009715530964973906,-0.008758683890485841,-0.0009708429033348231
answer,pre_c1x,4,0.7825581449159469,-0.004330036243324065,0.7571585613676688
x,pre_c1x,4,0.9956181626291472,-0.008479512902443753,0.9638894372178222
c1x,pre_c1x,4,0.962408548096839,-0.012378462606455587,0.9326975829955242
y,pre_c1x,4,0.943197657632807,-0.006734365211422899,0.9150686067903853
c2y,pre_c1x,4,0.7790317028705693,-0.01235601434528455,0.7572662428707093
answer~nonlin,pre_c1x,4,-0.009479817396562895,-0.004601844938263877,-0.0030191976744131654
x~nonlin,pre_c1x,4,0.7076479762461084,-0.004196143927082563,0.6663241953695697
c1x~nonlin,pre_c1x,4,-0.0014091136321536801,-0.015181443693025543,0.03101033791331509
y~nonlin,pre_c1x,4,0.0011506400324815536,-0.0177488080084931,0.009561768875356536
c2y~nonlin,pre_c1x,4,-0.00838092580493699,-0.006934630610277992,-0.003762786175437016
answer,pre_c1x,6,0.7996298574645613,-0.006976575948812069,0.7369832738527251
x,pre_c1x,6,0.9932645752556339,-0.007901033640651534,0.8890706239509202
c1x,pre_c1x,6,0.9613128128644163,-0.011440844242065928,0.8958469067740034
y,pre_c1x,6,0.9412851295745095,-0.00864068599795198,0.8624537185141858
c2y,pre_c1x,6,0.7955826666053023,-0.011873360239156971,0.7368434473101505
answer~nonlin,pre_c1x,6,0.029627450535361977,-0.002368365273811346,0.02485105490372186
x~nonlin,pre_c1x,6,0.699347159904731,-0.0033496483934254417,0.6204550127679027
c1x~nonlin,pre_c1x,6,0.033327481767809974,-0.012486010755898835,0.0722192899460995
y~nonlin,pre_c1x,6,0.010506105247111153,-0.014325472159569808,0.030908220175682954
c2y~nonlin,pre_c1x,6,0.031402470617745704,-0.00495297471284295,0.02449373845815428
answer,pre_c1x,8,0.804277543029174,-0.013180241682277938,0.7089282626142925
x,pre_c1x,8,0.9839128844564252,-0.009517483064560128,0.899458607114046
c1x,pre_c1x,8,0.9596022231753285,-0.008444900646794373,0.8787827674376442
y,pre_c1x,8,0.9388902310696641,-0.008892532474117365,0.8318808951191964
c2y,pre_c1x,8,0.7992780600877888,-0.011491834910057674,0.7042786151501015
answer~nonlin,pre_c1x,8,0.024500155132738732,-0.0035642699643858577,0.05864578480343996
x~nonlin,pre_c1x,8,0.6905645123115438,0.003061157967215733,0.6091329059359919
c1x~nonlin,pre_c1x,8,0.0782885147158543,-0.012774423229416909,0.11691513203764736
y~nonlin,pre_c1x,8,0.036048178368816464,-0.012605447843158757,0.06231078217564545
c2y~nonlin,pre_c1x,8,0.027268003148468445,-0.007552263065944587,0.06187511179003502
answer,pre_c1x,10,0.8419241603681239,-0.016714967462899244,0.7252519513066124
x,pre_c1x,10,0.9684223059418123,-0.013177696436667441,0.8311389717118168
c1x,pre_c1x,10,0.9414248765409904,-0.006784392834065844,0.8150309310561105
y,pre_c1x,10,0.9294951815763987,-0.010534891814009573,0.7912996721377631
c2y,pre_c1x,10,0.8458731312218603,-0.008470097045471858,0.7199493401042392
answer~nonlin,pre_c1x,10,0.03377745747396654,-0.004422718501005063,0.05885675779434485
x~nonlin,pre_c1x,10,0.6947429980466966,0.0025072125352418873,0.5545101118320545
c1x~nonlin,pre_c1x,10,0.06378636859457287,-0.013472986851149615,0.07847245667620029
y~nonlin,pre_c1x,10,0.01827286208771184,-0.010496785640319084,0.037433062227064995
c2y~nonlin,pre_c1x,10,0.0268524594988907,-0.004468764997684449,0.0638037768987324
answer,pre_c1x,12,0.8430437835927156,-0.0149999807794432,0.7014571891667978
x,pre_c1x,12,0.9624720261463069,-0.009533857965579262,0.8451335705114876
c1x,pre_c1x,12,0.9309786070574638,-0.007177823541273387,0.8174079083589301
y,pre_c1x,12,0.9173720268721066,-0.011413729873408052,0.8141025097582438
c2y,pre_c1x,12,0.8410360483558676,-0.004519659949934418,0.6986069317494736
answer~nonlin,pre_c1x,12,0.04632158841956757,-0.0008165608333292607,0.03264197381859346
x~nonlin,pre_c1x,12,0.6878447803805773,0.004155146049549918,0.5926080849625031
c1x~nonlin,pre_c1x,12,0.04164098261979354,-0.013089187258214396,0.025650066751193967
y~nonlin,pre_c1x,12,0.01511084127069362,-0.006088959925253601,-0.0033580202464813524
c2y~nonlin,pre_c1x,12,0.045554987890709886,-0.01252865214984511,0.03380316343961931
answer,pre_c1x,14,0.8640107646134372,-0.015239424676744218,0.7360548888447367
x,pre_c1x,14,0.9708620113409032,-0.010712220256713367,0.842731871169108
c1x,pre_c1x,14,0.9455155509368123,-0.009196705233548208,0.834002284682116
y,pre_c1x,14,0.9341605630305087,-0.00819034468055535,0.8051995994055414
c2y,pre_c1x,14,0.8621052400288848,-0.005707817919247349,0.7320276726489623
answer~nonlin,pre_c1x,14,0.03978287650966916,-0.0024162027377470086,0.04271778063553855
x~nonlin,pre_c1x,14,0.6992116714741494,-0.001963025983249045,0.5905425655777854
c1x~nonlin,pre_c1x,14,0.0645764881537163,-0.013012708815131502,0.11080497893121932
y~nonlin,pre_c1x,14,0.03753360460338273,-0.010296676450287201,0.0734545855472184
c2y~nonlin,pre_c1x,14,0.037272749662850546,-0.013359545488476066,0.04400220968270385
answer,pre_c1x,16,0.8500274840452302,-0.004952947620414205,0.7012343199678613
x,pre_c1x,16,0.9474427578618191,-0.009357607057467021,0.7586265718000689
c1x,pre_c1x,16,0.9195119617430556,-0.008738222376089011,0.7532947581460631
y,pre_c1x,16,0.916009959410647,-0.009744211866654195,0.7538492516413748
c2y,pre_c1x,16,0.8517301343399987,-0.005220466852429384,0.6981716493971452
answer~nonlin,pre_c1x,16,0.04821060700118973,-0.004060549798511337,0.06885150147114849
x~nonlin,pre_c1x,16,0.6093363771544114,-0.002070059508689104,0.4869458738600534
c1x~nonlin,pre_c1x,16,0.028330472052453315,-0.01285589991891567,0.04731847593942873
y~nonlin,pre_c1x,16,0.05128827002507419,-0.010385154392076767,0.06097869611504814
c2y~nonlin,pre_c1x,16,0.05247029106651824,-0.010880603144367562,0.06589907247342786
answer,pre_c1x,18,0.8627775124454029,-0.002415660983356327,0.6668710050986779
x,pre_c1x,18,0.9212477388709729,-0.009283622980334805,0.7414171035703973
c1x,pre_c1x,18,0.9043461767543821,-0.006917165177609874,0.7699462954403428
y,pre_c1x,18,0.906364765951689,-0.007955067267805926,0.7684904847534854
c2y,pre_c1x,18,0.8621627655813657,-0.005048753806321971,0.668685513204204
answer~nonlin,pre_c1x,18,0.06459851029528363,-0.00152235681074675,0.05304609335085819
x~nonlin,pre_c1x,18,0.5667777249710861,-0.0035894477430791216,0.451709793918215
c1x~nonlin,pre_c1x,18,0.07321715012963981,-0.013215546431808667,0.059803109708883806
y~nonlin,pre_c1x,18,0.1052209360242451,-0.007729010200816955,0.055172899939635145
c2y~nonlin,pre_c1x,18,0.07161102698101518,-0.011715667706801769,0.054293548185640694
answer,pre_c1x,20,0.8722162952646675,-0.006085204905535768,0.7060549678797229
x,pre_c1x,20,0.9333477471486009,-0.009799832400808839,0.774535533215524
c1x,pre_c1x,20,0.9194695114498199,-0.00841887271345132,0.7902736847183842
y,pre_c1x,20,0.919615747994591,-0.002509537071518686,0.7957948125496388
c2y,pre_c1x,20,0.8737735590498318,-0.008067318933333567,0.7082260925026708
answer~nonlin,pre_c1x,20,0.08322986751047434,0.0012224110060367055,0.07483209880428332
x~nonlin,pre_c1x,20,0.5718060270299669,-0.003061994697105108,0.45715215897469674
c1x~nonlin,pre_c1x,20,0.1702398992420011,-0.01403812999611187,0.14087660722722029
y~nonlin,pre_c1x,20,0.1532437571654166,-0.007284874236963557,0.11320892745145317
c2y~nonlin,pre_c1x,20,0.09078864731397873,-0.011846904727331076,0.07187401787946057
answer,pre_c1x,22,0.8978402902065233,-0.005192486825278619,0.7390844365727646
x,pre_c1x,22,0.9527331430994856,-0.007079363363640345,0.8232541202334785
c1x,pre_c1x,22,0.954081067844253,-0.00838948482521551,0.8234534751123075
y,pre_c1x,22,0.9468189629175429,-0.0018237629618387263,0.8161080738737885
c2y,pre_c1x,22,0.9000216149136253,-0.00788330729645037,0.7375044615143347
answer~nonlin,pre_c1x,22,0.1684345387274615,0.000615489037962158,0.07784583680031454
x~nonlin,pre_c1x,22,0.6171385478153875,-0.005952755017985423,0.5002335780838959
c1x~nonlin,pre_c1x,22,0.3919950005336895,-0.013932633605377998,0.22805067764076037
y~nonlin,pre_c1x,22,0.26653904434409403,-0.006377608376625377,0.17420221172479422
c2y~nonlin,pre_c1x,22,0.17520294049541063,-0.008668587213021883,0.083646504910461
answer,pre_c1x,24,0.9053698109066891,-0.0071202313181015775,0.8036160501447812
x,pre_c1x,24,0.973971778524296,-0.008202138400885683,0.9022459164074179
c1x,pre_c1x,24,0.9726809338147313,-0.00925899730963442,0.899931694837823
y,pre_c1x,24,0.9599365781709193,-0.005601717055816691,0.8874907328794971
c2y,pre_c1x,24,0.908313494105955,-0.007836841054351895,0.8030036036090693
answer~nonlin,pre_c1x,24,0.2596224530655037,0.0015307088175391392,0.1682132676149769
x~nonlin,pre_c1x,24,0.7554739939798982,-0.00805621262591072,0.666339554046534
c1x~nonlin,pre_c1x,24,0.7419059426908278,-0.013926905021423908,0.4747448411981058
y~nonlin,pre_c1x,24,0.4691592005386198,-0.00923194128568361,0.3083712314192699
c2y~nonlin,pre_c1x,24,0.26568596595342653,-0.007101734874674248,0.1722535697673626
answer,pre_c1x,26,0.9033820237069387,-0.007606188819001991,0.8039548103208025
x,pre_c1x,26,0.9681793865837892,-0.010361950817852295,0.8919711899712408
c1x,pre_c1x,26,0.9663203329472392,-0.005683669197315888,0.8941594618458354
y,pre_c1x,26,0.9551422881075828,-0.0034259938553722336,0.8802957966163398
c2y,pre_c1x,26,0.9069735201253978,-0.009306422925302815,0.8022060831861155
answer~nonlin,pre_c1x,26,0.29858538335257945,0.0006548690304954974,0.25947136211298416
x~nonlin,pre_c1x,26,0.7360747391360374,-0.005219791885877623,0.6508670255257258
c1x~nonlin,pre_c1x,26,0.8411266977440806,-0.013030987707226327,0.6169153572130092
y~nonlin,pre_c1x,26,0.5422406256737561,-0.008896285076055888,0.41341507000929334
c2y~nonlin,pre_c1x,26,0.3026760685054327,-0.005858115241553996,0.2661032779323723
answer,pre_c1x,28,0.8368845178032223,-0.004465690559688484,0.7599974229417298
x,pre_c1x,28,0.9515479044474969,-0.009124318057719627,0.8590886648102087
c1x,pre_c1x,28,0.9516645299706866,-0.004826391100794414,0.8648979402384334
y,pre_c1x,28,0.9375437311526604,-0.004236028328988173,0.8496062019108155
c2y,pre_c1x,28,0.8383983798174909,-0.007254038287214604,0.7597098627025941
answer~nonlin,pre_c1x,28,0.29034630346790136,0.00047467591508698614,0.17691575037677654
x~nonlin,pre_c1x,28,0.7118329806393464,-0.00697181153779014,0.5697302921173548
c1x~nonlin,pre_c1x,28,0.7810206797047546,-0.012903632240294671,0.5014596981727432
y~nonlin,pre_c1x,28,0.49233735790649424,-0.005451681992437951,0.34478608025243107
c2y~nonlin,pre_c1x,28,0.2952830458758523,-0.006157634160809389,0.17697330377347542
answer,val_c1x,0,0.05192472735585629,-0.013943205861019381,0.05291824177538118
x,val_c1x,0,0.0038699549004352907,-0.00899622596662586,0.0007941692005392076
c1x,val_c1x,0,0.0722291021726198,-0.0022635392093339757,0.07271069245983408
y,val_c1x,0,0.06816436080871635,0.0021565976906953166,0.0691477718208483
c2y,val_c1x,0,0.05046143995656793,-0.020039155485847004,0.05164006894346662
answer~nonlin,val_c1x,0,-0.006152853851362883,-0.0065937454657258865,-0.0072120816462160064
x~nonlin,val_c1x,0,0.0011605970571569868,-0.011884266942444377,0.001767760892560144
c1x~nonlin,val_c1x,0,-0.0020393042196025224,-0.008292105378937098,-0.0028304907505516397
y~nonlin,val_c1x,0,-0.0028987875950481357,-0.01002353616465479,-0.0032064815286128034
c2y~nonlin,val_c1x,0,-0.005357432480133095,-0.014484982890989873,-0.006917510400848759
answer,val_c1x,2,0.7721157983691985,-0.0185503145418211,0.7635562660811955
x,val_c1x,2,0.9072206704114731,-0.0170806793531042,0.9169368462055004
c1x,val_c1x,2,0.9989768788915201,0.0009090216948476337,0.990035315618569
y,val_c1x,2,0.9410424918392224,-0.0009906134398196542,0.9292971099175288
c2y,val_c1x,2,0.7750208394235167,-0.025354750999118325,0.7638845483663692
answer~nonlin,val_c1x,2,0.13509954195443263,-0.015381757594724377,0.11282765458352251
x~nonlin,val_c1x,2,0.6267560554604106,-0.005289562656807911,0.6204936773765917
c1x~nonlin,val_c1x,2,0.5657255830987056,-0.012494256337167053,0.566616117814688
y~nonlin,val_c1x,2,0.3612430177029913,-0.016797494947613956,0.3538515796853915
c2y~nonlin,val_c1x,2,0.1325778452683316,-0.014562340505068772,0.11246854694453634
answer,val_c1x,4,0.7715379056995413,-0.013071991642612302,0.7507813289556258
x,val_c1x,4,0.9337734544491327,-0.01905853550651626,0.908645784767431
c1x,val_c1x,4,0.9969382172115092,-0.001432492406292507,0.9782723614930955
y,val_c1x,4,0.9340477840300566,-0.002696769163063273,0.9185992507448922
c2y,val_c1x,4,0.7747165362683651,-0.02181865393791238,0.7521566626107699
answer~nonlin,val_c1x,4,0.12564995481488916,-0.014892275722392823,0.10205112483485479
x~nonlin,val_c1x,4,0.6583783087110371,-0.0061937830964029494,0.6410690097238715
c1x~nonlin,val_c1x,4,0.5493382957195871,-0.012648985817556913,0.5182957605985301
y~nonlin,val_c1x,4,0.35194648825415975,-0.013917956966053247,0.3360062845292261
c2y~nonlin,val_c1x,4,0.12418953757586859,-0.0165338305114211,0.0986735256078094
answer,val_c1x,6,0.7719631391608641,-0.011585422838818804,0.7244175341462287
x,val_c1x,6,0.9482971878272127,-0.018143310742867014,0.8959867111202964
c1x,val_c1x,6,0.9941588711742722,-0.0015526459113708313,0.9449369210732604
y,val_c1x,6,0.9324720084852129,-0.0006881801040163893,0.8899894520521894
c2y,val_c1x,6,0.7743078607554699,-0.022346101524576722,0.7279955658592319
answer~nonlin,val_c1x,6,0.13410572276501997,-0.012620420450746073,0.1392893724764247
x~nonlin,val_c1x,6,0.6554515341170013,-0.00964261996898541,0.6640786282314572
c1x~nonlin,val_c1x,6,0.5387518867720218,-0.013229297000341367,0.5179637681175124
y~nonlin,val_c1x,6,0.3497701461646133,-0.011852429654926722,0.33193132817982973
c2y~nonlin,val_c1x,6,0.1320879138221559,-0.014099243783206816,0.13724272421266104
answer,val_c1x,8,0.767597035109677,-0.01652064935471964,0.7425309956376185
x,val_c1x,8,0.9623785170195125,-0.01579036495638242,0.8873079759244068
c1x,val_c1x,8,0.9949842803969335,-0.004718534461206847,0.9579931270456209
y,val_c1x,8,0.930822911989367,0.0018651044462720812,0.9003371030233936
c2y,val_c1x,8,0.7705617397731133,-0.02250206946123723,0.746903907742557
answer~nonlin,val_c1x,8,0.16944054501140937,-0.009155225807935707,0.1549120187617703
x~nonlin,val_c1x,8,0.6829686369955547,-0.005636882669681098,0.6261758776085604
c1x~nonlin,val_c1x,8,0.5956707492442102,-0.01126828588823603,0.5922821438078423
y~nonlin,val_c1x,8,0.38772974348465783,-0.011403329119258343,0.3866872293693512
c2y~nonlin,val_c1x,8,0.16522819083013607,-0.014939070002679689,0.154099445099389
answer,val_c1x,10,0.7781506639412358,-0.017156494928679766,0.7296575839839268
x,val_c1x,10,0.9673895833552949,-0.016001009273740152,0.9009021573311257
c1x,val_c1x,10,0.992393035570468,-0.0038207197516406666,0.93963315883371
y,val_c1x,10,0.9338547648599862,0.004995243011418293,0.8875963680858067
c2y,val_c1x,10,0.7799805279379365,-0.02600684763999772,0.7318169992977356
answer~nonlin,val_c1x,10,0.2186718112457492,-0.010403019620968568,0.12961829508355693
x~nonlin,val_c1x,10,0.6974339633438307,-0.006556670584027646,0.6350419294320374
c1x~nonlin,val_c1x,10,0.6382324124056391,-0.012500629434933241,0.49208700427423224
y~nonlin,val_c1x,10,0.4159849337957161,-0.01221776689091647,0.3109835412872105
c2y~nonlin,val_c1x,10,0.21432394067995053,-0.015355185640142377,0.12808718681468845
answer,val_c1x,12,0.8087225263823421,-0.015378943379700916,0.7338862116412905
x,val_c1x,12,0.9722589584078805,-0.01586330395180302,0.9187702427037967
c1x,val_c1x,12,0.9900084992438722,-0.006384450941931297,0.9496020981719402
y,val_c1x,12,0.960324474914429,0.0031065640308856057,0.88753940163224
c2y,val_c1x,12,0.803923126737673,-0.026348721951422682,0.7360901208349458
answer~nonlin,val_c1x,12,0.2198334737919383,-0.010003321686455013,0.12327539788178954
x~nonlin,val_c1x,12,0.7144151638179705,-0.004358851860220225,0.6702620944767312
c1x~nonlin,val_c1x,12,0.6120253960413331,-0.008236983757834881,0.4648265236623158
y~nonlin,val_c1x,12,0.39237268019948335,-0.01582407598692792,0.26667421350395293
c2y~nonlin,val_c1x,12,0.21815745541221931,-0.012677540064145676,0.12023846064425503
answer,val_c1x,14,0.8370661071289293,-0.015666029468624387,0.7593079322274663
x,val_c1x,14,0.9756192184461626,-0.014027102067766029,0.9217847544020813
c1x,val_c1x,14,0.9905015269976494,-0.004796840807384406,0.9600316746221127
y,val_c1x,14,0.9720015126187289,0.0028440817079177227,0.9090751189996096
c2y,val_c1x,14,0.8261575970104971,-0.026963436385655903,0.7573154848442032
answer~nonlin,val_c1x,14,0.2263011239768632,-0.007619753175074351,0.12434788153210641
x~nonlin,val_c1x,14,0.7442033820778902,-0.0010227040544859012,0.688216575364118
c1x~nonlin,val_c1x,14,0.5951854140194237,-0.010383872771614122,0.4187008776493778
y~nonlin,val_c1x,14,0.40699049532459164,-0.016056485196840997,0.2716763479916493
c2y~nonlin,val_c1x,14,0.22275011756864926,-0.011843172358470877,0.12738302366903254
answer,val_c1x,16,0.9095633270304982,-0.017323557475164897,0.7928147931029597
x,val_c1x,16,0.969068041655601,-0.009514044525793519,0.9011304443193029
c1x,val_c1x,16,0.9802618513057291,-0.0038039258493482997,0.9383764767399901
y,val_c1x,16,0.9685400897531108,0.00014640233080343013,0.9177728761399373
c2y,val_c1x,16,0.902705606513322,-0.024385705610140862,0.7900139173790617
answer~nonlin,val_c1x,16,0.25734310550115524,-0.00727548533006428,0.1501435060220052
x~nonlin,val_c1x,16,0.6937562769273454,0.00044475119742037883,0.6103180990665955
c1x~nonlin,val_c1x,16,0.61524104400474,-0.011835957532600583,0.40453184792530805
y~nonlin,val_c1x,16,0.4160998950281932,-0.011343532071001361,0.2748635601642829
c2y~nonlin,val_c1x,16,0.26067497189124955,-0.011712317730769639,0.1508351247424421
answer,val_c1x,18,0.8843044864707609,-0.020123427839505936,0.7633667538032053
x,val_c1x,18,0.9502643250284302,-0.010477642002248988,0.8622488492416773
c1x,val_c1x,18,0.9644262991743736,-0.0036506442333579248,0.9011373303184601
y,val_c1x,18,0.9549478594157176,-0.000654544043512395,0.887603906813966
c2y,val_c1x,18,0.8823538319222872,-0.02410310320275677,0.76364066280837
answer~nonlin,val_c1x,18,0.22746485539374384,-0.009051689605208635,0.15660677235739573
x~nonlin,val_c1x,18,0.6241489572389651,0.0005510761885269,0.5710369438646963
c1x~nonlin,val_c1x,18,0.5498079665154885,-0.009626946472579334,0.40760340800273165
y~nonlin,val_c1x,18,0.3382748515436321,-0.012702149824897147,0.2862029853401
c2y~nonlin,val_c1x,18,0.22802914310235445,-0.010193389323360336,0.1579238773406959
answer,val_c1x,20,0.8640771876777693,-0.013315992308102764,0.7408314383861881
x,val_c1x,20,0.9378117950837526,-0.007572062787973177,0.8524615407208901
c1x,val_c1x,20,0.9559694630984952,-0.004790248988431722,0.8766256261261939
y,val_c1x,20,0.9485301390050441,-0.0003744580577111911,0.8595163237137566
c2y,val_c1x,20,0.8631542623877311,-0.01923235512412158,0.7464130306198171
answer~nonlin,val_c1x,20,0.19576934239044974,-0.007891430053394766,0.12061382080186422
x~nonlin,val_c1x,20,0.5893739884596902,-0.0021939415993943445,0.5489553403635054
c1x~nonlin,val_c1x,20,0.43895414007823086,-0.012963827698584618,0.31882529065655374
y~nonlin,val_c1x,20,0.3059690684978321,-0.01441714902897373,0.22853942651045622
c2y~nonlin,val_c1x,20,0.20176668668702358,-0.011808545768223766,0.11856193376196922
answer,val_c1x,22,0.8695042569810609,-0.014143296532465044,0.7551930507479132
x,val_c1x,22,0.9532143161322542,-0.010358389685817704,0.8834982366639373
c1x,val_c1x,22,0.9784901302037996,-0.004079214688080368,0.9091869684637506
y,val_c1x,22,0.9678304666548121,0.0011153374228745072,0.887120368545827
c2y,val_c1x,22,0.8698751190508023,-0.0181810534470066,0.7575316491675073
answer~nonlin,val_c1x,22,0.2270150384437456,-0.008543484251229971,0.13442725918106901
x~nonlin,val_c1x,22,0.6242511077398376,-0.002987010718503713,0.5547061345554891
c1x~nonlin,val_c1x,22,0.5038626600068602,-0.012474433001844032,0.3866844455443488
y~nonlin,val_c1x,22,0.37267131681413235,-0.013942546197050598,0.2772872336069738
c2y~nonlin,val_c1x,22,0.2297144878350691,-0.011340896149610646,0.13648944770802607
answer,val_c1x,24,0.8665397881877686,-0.01199887542368816,0.753418281713637
x,val_c1x,24,0.9540440493583588,-0.008620182207280669,0.8398395626227585
c1x,val_c1x,24,0.9736485916402848,-0.001934289266690925,0.8719514047591976
y,val_c1x,24,0.9649526036093259,0.0016108378910688614,0.8590064603825687
c2y,val_c1x,24,0.8678193366463679,-0.01643221198629341,0.7497336030717706
answer~nonlin,val_c1x,24,0.2379969543982291,-0.005612181927649118,0.1192186357429168
x~nonlin,val_c1x,24,0.6164299860339777,-0.0021641487693466743,0.5210646912260384
c1x~nonlin,val_c1x,24,0.4805466341515626,-0.013589108607785505,0.24265409480211142
y~nonlin,val_c1x,24,0.4083590703618426,-0.013784979710393053,0.21485881118172123
c2y~nonlin,val_c1x,24,0.2441671231488175,-0.009844049824004664,0.12449882808219137
answer,val_c1x,26,0.8481231242042224,-0.010130610960571884,0.7162817842449014
x,val_c1x,26,0.9486563854475609,-0.00933041226859288,0.8091725770969289
c1x,val_c1x,26,0.9661408707439123,-0.0004242239299712125,0.8383282703291244
y,val_c1x,26,0.959444903821173,0.0003717529593464386,0.8385812856586321
c2y,val_c1x,26,0.8491135957803494,-0.0170851633758895,0.7139002231541316
answer~nonlin,val_c1x,26,0.23449238232611425,-0.005892899279550168,0.11563463159446108
x~nonlin,val_c1x,26,0.6159079161521244,-0.00146251223389271,0.5201902832735339
c1x~nonlin,val_c1x,26,0.4711156056279868,-0.014343473409023755,0.2357850828226602
y~nonlin,val_c1x,26,0.4205738649503594,-0.009939413088655202,0.21510943644877345
c2y~nonlin,val_c1x,26,0.2427555732068416,-0.009603176647115852,0.11288997202792661
answer,val_c1x,28,0.8487712310426108,-0.009768686686040917,0.7169742720639889
x,val_c1x,28,0.9404819020280429,-0.007999036612965194,0.7731888474418487
c1x,val_c1x,28,0.9704992847277772,-0.0015418801091593437,0.8176356309784081
y,val_c1x,28,0.9621336365258761,-0.00136877616824016,0.8084854436756836
c2y,val_c1x,28,0.8511454188391758,-0.015472685635633532,0.7158188994025909
answer~nonlin,val_c1x,28,0.21969006875879737,-0.005256591600304672,0.08567365258328885
x~nonlin,val_c1x,28,0.6354775727628397,-0.00015769532694620558,0.47817386255682137
c1x~nonlin,val_c1x,28,0.49346458310548913,-0.013593323428963355,0.2312251301308328
y~nonlin,val_c1x,28,0.39958493458738853,-0.005648912910364956,0.20944983791875915
c2y~nonlin,val_c1x,28,0.2206741628122647,-0.008206606619824308,0.08344646801699962
answer,pre_y,0,-0.00047327588493972783,-0.0038766411640600573,-0.0004732781214837889
x,pre_y,0,-0.0007603193256664476,-0.0053882067592043725,-0.0007603211577207336
c1x,pre_y,0,-0.0004972250465180572,-0.002637797576702239,-0.000497225626701292
y,pre_y,0,-0.0002040817888906421,-0.0045144998159305505,-0.00020408368270485866
c2y,pre_y,0,-0.0005498008324669179,-0.00044410492860502693,-0.0005498012079858672
answer~nonlin,pre_y,0,-0.0006219254004646846,-0.00471052003455541,-0.0006219254158672527
x~nonlin,pre_y,0,-0.00027950744125249116,-0.0012446888116752763,-0.00027950701673251643
c1x~nonlin,pre_y,0,-0.0028367841362817448,-0.001052393265053908,-0.0028367841734364685
y~nonlin,pre_y,0,-0.0009222907671591063,-0.001373999337298537,-0.0009222907561126092
c2y~nonlin,pre_y,0,-0.0004719253718021843,-0.001438159023892993,-0.0004719253772909049
answer,pre_y,2,0.7499876581365872,-0.009177859930819432,0.5797015174478408
x,pre_y,2,0.8448995237674717,-0.011333287409506676,0.6560642101469969
c1x,pre_y,2,0.8751396920128458,-0.005862344496702088,0.666288310179816
y,pre_y,2,0.8771696761611412,-0.006133755566888777,0.6783265146218966
c2y,pre_y,2,0.752606361305405,-0.004315393231755671,0.5780880965950341
answer~nonlin,pre_y,2,0.17604750856896878,-0.005213386629061345,0.14931793280173766
x~nonlin,pre_y,2,0.5088855099492667,-0.0057467497504453124,0.388039033395405
c1x~nonlin,pre_y,2,0.3119803682757162,-0.013814870648245936,0.18068739136794043
y~nonlin,pre_y,2,0.4360576544207644,-0.013081282785329273,0.3137141516679218
c2y~nonlin,pre_y,2,0.18096338037645843,-0.008683653154437865,0.15098433313461512
answer,pre_y,4,0.7900458584187157,-0.007940863565211842,0.6677700897321466
x,pre_y,4,0.9395459130951714,-0.011207205721527558,0.7983113230735168
c1x,pre_y,4,0.9553268270225499,-0.004223233332220966,0.821105647569755
y,pre_y,4,0.9564549820106758,0.00019554479162042782,0.8103416093582496
c2y,pre_y,4,0.7921608451807625,-0.005842492101821639,0.6700748959035654
answer~nonlin,pre_y,4,0.20726133275150238,-0.006045749847938042,0.0963744905337367
x~nonlin,pre_y,4,0.6032319419085392,-0.005411139189816394,0.5221450138263467
c1x~nonlin,pre_y,4,0.4240913017996082,-0.014052155045245263,0.2062231766533148
y~nonlin,pre_y,4,0.5147374917103977,-0.017676902232357072,0.24692010066393832
c2y~nonlin,pre_y,4,0.21007452485887346,-0.010629890219396643,0.10011970425486516
answer,pre_y,6,0.7973949079184623,-0.010625121477975341,0.681179994889713
x,pre_y,6,0.9554000101396939,-0.010508488979235953,0.7977835988375982
c1x,pre_y,6,0.9640686688970057,-0.004074017340638836,0.8394414183788034
y,pre_y,6,0.9642309540643175,0.000780580079615012,0.8309300459453558
c2y,pre_y,6,0.8009848300283802,-0.010762372282730137,0.6836042463557531
answer~nonlin,pre_y,6,0.19897716100389995,-0.007266748304845194,0.09512961274450349
x~nonlin,pre_y,6,0.6058392793070975,-0.0048471920535178015,0.5358507000771476
c1x~nonlin,pre_y,6,0.4284943602581901,-0.014887012186972193,0.26370412665016096
y~nonlin,pre_y,6,0.5169586206998257,-0.020412505036419004,0.255582963068713
c2y~nonlin,pre_y,6,0.19882536193030076,-0.010999454484314164,0.09827264412704428
answer,pre_y,8,0.7820529773621672,-0.010380019939155272,0.752707458045984
x,pre_y,8,0.9433190837856879,-0.007395056516613652,0.8526353082450175
c1x,pre_y,8,0.9542269686992951,-0.0020182290792087887,0.8796652350307963
y,pre_y,8,0.9513168370319949,-0.001894959184782996,0.8771358326415366
c2y,pre_y,8,0.7838322726220164,-0.011786665505999716,0.7527199065544692
answer~nonlin,pre_y,8,0.21113937785578374,-0.009260781121636308,0.11605197690358249
x~nonlin,pre_y,8,0.5937008943568006,-0.0034425236002100235,0.5656067280757155
c1x~nonlin,pre_y,8,0.42000970334882637,-0.01593671057623336,0.256103668739176
y~nonlin,pre_y,8,0.5026187915811379,-0.01692871686045172,0.3395454920569011
c2y~nonlin,pre_y,8,0.22383733697425,-0.006272822720500004,0.12402171881580082
answer,pre_y,10,0.7788177870122047,-0.008602137954381028,0.641314794621368
x,pre_y,10,0.9125161008139352,-0.009154249999977493,0.7406633187666983
c1x,pre_y,10,0.9436627368070476,-0.005002090028921158,0.7532516728684411
y,pre_y,10,0.9434412572625662,-0.004398900315461418,0.7588598526099627
c2y,pre_y,10,0.784793620591898,-0.012001927064607232,0.6366611577509868
answer~nonlin,pre_y,10,0.1871979811043002,-0.006177307640127694,0.07750638090053641
x~nonlin,pre_y,10,0.5683421299180416,0.0012034091031454253,0.4450177711646158
c1x~nonlin,pre_y,10,0.36896417806990733,-0.010295159825679967,0.19107293814174076
y~nonlin,pre_y,10,0.43246687414342244,-0.014978050257441256,0.24726605948907
c2y~nonlin,pre_y,10,0.19575560209181675,-0.002712811333922538,0.07963517150206634
answer,pre_y,12,0.7813221383831978,-0.0065202946981905985,0.6262750873429658
x,pre_y,12,0.8994955073098023,-0.0075774473643470674,0.7142212181931452
c1x,pre_y,12,0.9191938431124538,-0.006476877487765931,0.738413613419378
y,pre_y,12,0.9204602395171083,-0.005286358994673224,0.7455659150832956
c2y,pre_y,12,0.7816601853390575,-0.011172026780394972,0.6250093739555904
answer~nonlin,pre_y,12,0.2088360470911088,-0.005716862060691774,0.12666252805280143
x~nonlin,pre_y,12,0.5474981202618326,-0.0010602107346302514,0.46570833833185654
c1x~nonlin,pre_y,12,0.3347821101851165,-0.012689362398983217,0.16523018268196699
y~nonlin,pre_y,12,0.41188153371420155,-0.016449034050485478,0.210734467808398
c2y~nonlin,pre_y,12,0.21311599884680688,-0.00013392100047426858,0.11934393617408989
answer,pre_y,14,0.7830834567705329,-0.007942897314982433,0.648905529878438
x,pre_y,14,0.8939109914090599,-0.006196983045464233,0.7158749936372042
c1x,pre_y,14,0.9023622451911522,-0.008289415920798682,0.7483403868044525
y,pre_y,14,0.9034690638939071,-0.003529487317335267,0.7593416174671667
c2y,pre_y,14,0.78328066065729,-0.008146560127652469,0.6506837802417484
answer~nonlin,pre_y,14,0.19340327726141626,-0.007777709564862789,0.1083767345447122
x~nonlin,pre_y,14,0.5273496835050504,-0.0031400208770213656,0.4204046193406641
c1x~nonlin,pre_y,14,0.2234857907044605,-0.014369917876395855,0.13412563899412033
y~nonlin,pre_y,14,0.3378534326357895,-0.015379460883644835,0.19626148571860857
c2y~nonlin,pre_y,14,0.19702974233981807,-0.003251228612088708,0.10699009324584052
answer,pre_y,16,0.8311209716179676,-0.00748480154615816,0.671585443717341
x,pre_y,16,0.891431025835731,-0.004648987230080781,0.666747824413431
c1x,pre_y,16,0.9049497570884446,-0.008370533626958387,0.7389912195164978
y,pre_y,16,0.9066559385687603,-0.0024397440471761733,0.7443688573458374
c2y,pre_y,16,0.8303517282757533,-0.00786561890145654,0.6709259871096337
answer~nonlin,pre_y,16,0.20015675440308411,-0.004914028758716382,0.14225374912458133
x~nonlin,pre_y,16,0.5120231332565497,-0.004015852409122056,0.39001605395113415
c1x~nonlin,pre_y,16,0.20622551417566282,-0.01248518770486462,0.15292168073909862
y~nonlin,pre_y,16,0.36809780589240515,-0.015356252271034654,0.20063509470030838
c2y~nonlin,pre_y,16,0.2063297685630775,-0.0015003434145781647,0.14112931991934274
answer,pre_y,18,0.8183813669281622,-0.007955471861992969,0.6425214955517446
x,pre_y,18,0.8517140872581913,-0.0032933267956896106,0.6662952026279632
c1x,pre_y,18,0.8706655165531135,-0.009824800269433664,0.7002069582806607
y,pre_y,18,0.8765771499575497,-0.0026904835434544694,0.7228447368129829
c2y,pre_y,18,0.8206332156449989,-0.011491387268362407,0.6501837030848441
answer~nonlin,pre_y,18,0.17496789358389897,-0.005208241003295422,0.10375125506119043
x~nonlin,pre_y,18,0.48680260919292473,-0.0036831461843100932,0.4037181224228751
c1x~nonlin,pre_y,18,0.18080285198400736,-0.011551542897120681,0.08334287110995264
y~nonlin,pre_y,18,0.30540022615382834,-0.017856617125065588,0.16405723465442745
c2y~nonlin,pre_y,18,0.17480630917903062,-0.004155158018888994,0.10194250997593879
answer,pre_y,20,0.8191006295563839,-0.006417021914987497,0.617386813285741
x,pre_y,20,0.8637970265555028,-0.0036030152562085416,0.6651980325822118
c1x,pre_y,20,0.8887595658962966,-0.012312912593061665,0.6931009615002168
y,pre_y,20,0.8935525804130593,-0.00438566037900312,0.7034078710956189
c2y,pre_y,20,0.8194910407304881,-0.012252232088114878,0.6214953936366332
answer~nonlin,pre_y,20,0.17191750532880135,-0.007973093478676363,0.1558804565249503
x~nonlin,pre_y,20,0.48529092927463957,-0.00017607459884283472,0.3759644226799368
c1x~nonlin,pre_y,20,0.14062030477223764,-0.010837727430642596,0.11879041374805199
y~nonlin,pre_y,20,0.31240910847580605,-0.018330405718446574,0.2155125491452189
c2y~nonlin,pre_y,20,0.17664901982945258,-0.0027084092545202054,0.15766699979994858
answer,pre_y,22,0.7695972968712169,-0.007747805615105241,0.5902729059538039
x,pre_y,22,0.844766018019685,-0.00969937639358709,0.6345190541124692
c1x,pre_y,22,0.8722309392213068,-0.006242072374021301,0.6823987077176215
y,pre_y,22,0.8755668516057635,-0.003712119643954237,0.6967474381469723
c2y,pre_y,22,0.7677677321327321,-0.005434858740780868,0.5886622872127952
answer~nonlin,pre_y,22,0.16112689085176857,-0.008985327835350665,0.1268502829788497
x~nonlin,pre_y,22,0.4939513356130125,-0.002048995112438945,0.3458614320060409
c1x~nonlin,pre_y,22,0.11719068575607128,-0.012517576968659183,0.05584430132551266
y~nonlin,pre_y,22,0.2779945179585809,-0.014404843295391379,0.1829228699993629
c2y~nonlin,pre_y,22,0.17462975149899607,-0.00953960473767701,0.13095089687700567
answer,pre_y,24,0.7719702453973957,-0.0061857337442545735,0.6960901591051099
x,pre_y,24,0.8828230773387633,-0.008692105453805166,0.742633685666483
c1x,pre_y,24,0.9391163856005404,-0.0027667558660111613,0.8064604250799317
y,pre_y,24,0.9452311230916357,-0.009835266265393772,0.8212954545530351
c2y,pre_y,24,0.7702974955392643,-0.009057526418343675,0.6910537187193251
answer~nonlin,pre_y,24,0.23860671098821473,-0.008904534921214236,0.134289115753646
x~nonlin,pre_y,24,0.5712062154571398,-0.0015555788185293018,0.46569873242021886
c1x~nonlin,pre_y,24,0.4196522259962061,-0.014360199645192528,0.29008503536160624
y~nonlin,pre_y,24,0.4905559987619764,-0.016086081837394683,0.28297540152353673
c2y~nonlin,pre_y,24,0.24386392245915878,-0.015502800103361913,0.13766674710999827
answer,pre_y,26,0.7672573235137057,-0.004110903338818472,0.6495543087882257
x,pre_y,26,0.8692021033115852,-0.009566642024533945,0.7074140899469593
c1x,pre_y,26,0.9183122797097425,-0.000690897079500763,0.7639332149230031
y,pre_y,26,0.9294056463546749,-0.007337344417705172,0.7800023328419967
c2y,pre_y,26,0.764857647314303,-0.00748447070850955,0.6459183314187178
answer~nonlin,pre_y,26,0.2170932778446404,-0.008279157480713506,0.15960077164381803
x~nonlin,pre_y,26,0.5664733062252996,-0.0031915994247262436,0.4513661932782621
c1x~nonlin,pre_y,26,0.4007656973280368,-0.011965866335107656,0.3353179062228493
y~nonlin,pre_y,26,0.4942986634816332,-0.013713213471969077,0.3310234858122256
c2y~nonlin,pre_y,26,0.22120207775936318,-0.00979385000596511,0.16576147514618533
answer,pre_y,28,0.717700123111495,-0.0016328546949699874,0.5486542277723341
x,pre_y,28,0.7668368906219681,-0.009672185618111673,0.5335206576598246
c1x,pre_y,28,0.849087360930613,-0.008930003069168357,0.6252750445096149
y,pre_y,28,0.8666348373203967,-0.0058051261554650235,0.6548421117096854
c2y,pre_y,28,0.7168461528543837,-0.004799081111932946,0.5490134010674221
answer~nonlin,pre_y,28,0.1453764634487208,-0.013663252385527125,0.09840602373026774
x~nonlin,pre_y,28,0.47446818058101603,-0.00647010562210637,0.3372116746139291
c1x~nonlin,pre_y,28,0.29382766231896174,-0.008463700923874162,0.2270546654148995
y~nonlin,pre_y,28,0.3629634033265474,-0.008777433854621597,0.2293454487389338
c2y~nonlin,pre_y,28,0.15021676054547728,-0.009377034481118374,0.10322318115462936
answer,val_y,0,-0.0067876594555742464,-0.005425038287128148,-0.0003356803174545675
x,val_y,0,-0.006786755355045138,-0.013188943155448163,-0.0007200430986264994
c1x,val_y,0,-0.009396691454453876,-0.004611485008297889,-0.0004907159528078076
y,val_y,0,-0.009156339406675373,-0.010405713028323271,-0.00031374121844551794
c2y,val_y,0,-0.008019154977604748,0.007060762149839417,-0.0004604806214225654
answer~nonlin,val_y,0,-0.009391532258253399,-0.009825871874275416,-0.0013376837245548945
x~nonlin,val_y,0,-0.0034725918457776395,-0.00891113346356831,0.000670043880287019
c1x~nonlin,val_y,0,-0.004350137151442501,-0.007838208881949305,-0.0025926132062308316
y~nonlin,val_y,0,-0.0070725039358205954,0.0029020191959528985,-0.0033396446447111483
c2y~nonlin,val_y,0,-0.008498008044227623,-0.0017335555752158172,-0.0021069628415704145
answer,val_y,2,0.8229238117241603,-0.015948552223005175,0.8064762656800445
x,val_y,2,0.8209399463470565,-0.018813109520172677,0.7924804953059346
c1x,val_y,2,0.9785396217208318,-0.007824541071648872,0.9502418473764211
y,val_y,2,0.9967914302801473,-0.01134530186152749,0.976757267286796
c2y,val_y,2,0.8273900995159591,-0.002737882682876114,0.8102024487461156
answer~nonlin,val_y,2,0.06642916885950823,-0.008605341655590015,0.05123996220098348
x~nonlin,val_y,2,0.5241921387887768,-0.005384269173208667,0.5104972506158995
c1x~nonlin,val_y,2,0.30720628092013236,-0.010508089431493506,0.2846945498544652
y~nonlin,val_y,2,0.19429477709543652,0.0019481733603956553,0.16353576732435604
c2y~nonlin,val_y,2,0.06596496351627523,-0.0014573191175006883,0.05390336114090921
answer,val_y,4,0.8126806621937698,-0.016530677360310886,0.7833284130934974
x,val_y,4,0.8102876465422841,-0.014442222823735529,0.7878391089907288
c1x,val_y,4,0.9554914610709964,-0.011092442405447933,0.9140030277508819
y,val_y,4,0.9902676155714131,-0.006277974223382943,0.9565305675282685
c2y,val_y,4,0.8162829423562512,-0.0073257459649034296,0.7865497081527358
answer~nonlin,val_y,4,0.06667422260803058,-0.00501442031708188,0.057678062696691845
x~nonlin,val_y,4,0.5174039166773079,-0.0074226784343534025,0.5066577899146929
c1x~nonlin,val_y,4,0.31364406445814885,-0.006741045131263945,0.2748077739656195
y~nonlin,val_y,4,0.2100159487333999,-0.0016429629694949544,0.1716587906406143
c2y~nonlin,val_y,4,0.0707317664285404,-0.00287011924227909,0.05180359655761346
answer,val_y,6,0.803320730263992,-0.01833825527423172,0.761301346028202
x,val_y,6,0.8257622361818175,-0.013693036511489343,0.7658735746834824
c1x,val_y,6,0.9534918888678983,-0.009893668665194477,0.8761134511727776
y,val_y,6,0.982210436586922,-0.006364640734520366,0.9153160240109742
c2y,val_y,6,0.8064287938953436,-0.009269513208633562,0.767050717633119
answer~nonlin,val_y,6,0.05906630897833387,-0.003271281102815715,0.04936865880850261
x~nonlin,val_y,6,0.5248339208179891,-0.00575944457664157,0.5113088561764007
c1x~nonlin,val_y,6,0.30041767275400155,-0.009643776554329575,0.23782675463483482
y~nonlin,val_y,6,0.21306603105521105,-0.0037581268832238557,0.1586722003969565
c2y~nonlin,val_y,6,0.05773409606459157,-0.0020107154486139756,0.04688674657780223
answer,val_y,8,0.8089332677689932,-0.01528237322214121,0.7377781635387396
x,val_y,8,0.8564249824308925,-0.008559000936517736,0.7909671970715664
c1x,val_y,8,0.9696010529161668,-0.003972771798093078,0.8957259170182215
y,val_y,8,0.9826044972472682,-0.007019064987869195,0.9150758042685574
c2y,val_y,8,0.8121839510887237,-0.006104046887640102,0.7393143036023442
answer~nonlin,val_y,8,0.12854106217590022,-0.008099304964469756,0.07934741532481349
x~nonlin,val_y,8,0.5671205346308902,-0.002385006709181292,0.5129056062609556
c1x~nonlin,val_y,8,0.2955543797836402,-0.009289421385361596,0.23288427502070919
y~nonlin,val_y,8,0.31299490381974115,-0.004759199623177723,0.2038182561367765
c2y~nonlin,val_y,8,0.12865713390139555,-0.005518180982736487,0.07671617038407985
answer,val_y,10,0.8010403366496246,-0.012570319626485249,0.7316097861324901
x,val_y,10,0.8798826219991748,-0.0028244249703164304,0.7758153255562484
c1x,val_y,10,0.9669525673843872,-0.00585285890999887,0.8787856870538869
y,val_y,10,0.9759064246427924,-0.00495361463438071,0.9050916891920975
c2y,val_y,10,0.8040714114904378,-0.0035905567702168018,0.7370858395600977
answer~nonlin,val_y,10,0.13607944837400532,-0.011741524706681439,0.08441821117788961
x~nonlin,val_y,10,0.5819584853937336,-0.0033574839689862745,0.4985732268029184
c1x~nonlin,val_y,10,0.28248781456673977,-0.011036257676668493,0.18340090109235474
y~nonlin,val_y,10,0.320649053455783,-0.009413478095075645,0.21712574981175525
c2y~nonlin,val_y,10,0.13693716771467945,-0.0007667798823360883,0.08809723966553151
answer,val_y,12,0.7962056440307348,-0.009473558254033732,0.7571761846543842
x,val_y,12,0.8757660401659744,-0.0032991953513166195,0.8209062708780885
c1x,val_y,12,0.9708791507997826,-0.0066310890567125025,0.9019460211867462
y,val_y,12,0.9752759917471266,-0.005762684795125317,0.9192610615222097
c2y,val_y,12,0.7972532669244019,-5.40475188564038e-05,0.7609483706271054
answer~nonlin,val_y,12,0.1806792284087646,-0.009573735956025953,0.10736907797913242
x~nonlin,val_y,12,0.5613884614521559,-0.002155244641813603,0.5214811191126898
c1x~nonlin,val_y,12,0.3139531860179031,-0.014281080589890527,0.22353991959297137
y~nonlin,val_y,12,0.3783107633149234,-0.014004863219301056,0.2737587127864771
c2y~nonlin,val_y,12,0.18565209535185134,-0.0018487257569099746,0.10950505679598521
answer,val_y,14,0.8344437811778569,-0.014181966401932922,0.7780357642756832
x,val_y,14,0.8968783260574782,-0.0026050918547424473,0.8241054307440314
c1x,val_y,14,0.9727709576018957,-0.008548466104733032,0.924548350044013
y,val_y,14,0.9780858532519002,-0.005612728856685623,0.9366915863497527
c2y,val_y,14,0.8323656789267163,-0.002568987772650244,0.7772751387420175
answer~nonlin,val_y,14,0.16885526365342363,-0.008748387018816972,0.09366178258963154
x~nonlin,val_y,14,0.5779758673298365,-0.0026702336286976713,0.5424212651824314
c1x~nonlin,val_y,14,0.3073505968323845,-0.014667049348740635,0.21493086728128064
y~nonlin,val_y,14,0.3638198208173967,-0.013974409165889101,0.2528749295680587
c2y~nonlin,val_y,14,0.17320039628733452,-0.00011603217320721448,0.0987471091677713
answer,val_y,16,0.9054972545925751,-0.014666202958213193,0.8054557733514305
x,val_y,16,0.904416597050399,-0.005254396816985141,0.8129091426579046
c1x,val_y,16,0.953674889387067,-0.008180482704283953,0.8841715958564187
y,val_y,16,0.9602679555186201,-0.007288573795403375,0.8967717800125442
c2y,val_y,16,0.9046468266071306,-0.005160238184910515,0.7998699098656745
answer~nonlin,val_y,16,0.19024096160051052,-0.0024450993984073133,0.08088838597074333
x~nonlin,val_y,16,0.5445285878055732,-0.0013136753098688114,0.5200020710423728
c1x~nonlin,val_y,16,0.2661364075658683,-0.013175610192072362,0.17556101496027965
y~nonlin,val_y,16,0.333033540437794,-0.012616299509984108,0.21176328276651957
c2y~nonlin,val_y,16,0.19394720632905615,-0.0016329620580450843,0.07993023753465023
answer,val_y,18,0.888962521659863,-0.011589187101415765,0.7482058228643804
x,val_y,18,0.8859545527431898,-0.007830820940877947,0.7505259143038119
c1x,val_y,18,0.9348522495593737,-0.008272346450007184,0.8246309890208678
y,val_y,18,0.9435749663861399,-0.0015771877801029621,0.8389884349666306
c2y,val_y,18,0.8882018282440688,-0.0029613282399851837,0.7426131673096323
answer~nonlin,val_y,18,0.1735706763011281,-0.006156126180477672,0.03158130685864735
x~nonlin,val_y,18,0.534960918692925,0.0016438479483974477,0.4988331221020459
c1x~nonlin,val_y,18,0.2345107454866785,-0.01402016829243391,0.13932053439667536
y~nonlin,val_y,18,0.2811831329646616,-0.010062937890462864,0.12709001132038455
c2y~nonlin,val_y,18,0.17724929097768105,-0.004386295500622195,0.033360457161678014
answer,val_y,20,0.8563244659866682,-0.010050895055536468,0.732987737436702
x,val_y,20,0.8725524157526311,-0.008941010571988484,0.7694564492399751
c1x,val_y,20,0.9271440058667468,-0.003469394847184004,0.8194776373318418
y,val_y,20,0.9356749140470545,-0.003698054507747184,0.8375248007370711
c2y,val_y,20,0.8561271413428659,-0.005330981881225716,0.7286699192818451
answer~nonlin,val_y,20,0.09590023414190152,-0.006597140131741064,0.02734744396201705
x~nonlin,val_y,20,0.5293802614395005,-0.0027566229722375546,0.4926847847495085
c1x~nonlin,val_y,20,0.1777754674738825,-0.012894393437211882,0.0695352403661722
y~nonlin,val_y,20,0.20993536366207322,-0.01163239430136076,0.07749679821073263
c2y~nonlin,val_y,20,0.10015015749978595,-0.007215515487816182,0.028059648680134552
answer,val_y,22,0.8618278712058521,-0.009397028105354366,0.7650355004367655
x,val_y,22,0.8900265983919815,-0.007729424584830502,0.7998072042842977
c1x,val_y,22,0.9539247922272983,0.0009030579450149956,0.8739590616631134
y,val_y,22,0.9655788156337956,-0.008167164168948915,0.9047845995026984
c2y,val_y,22,0.8588988230039021,-0.00412629867954406,0.7660357607915065
answer~nonlin,val_y,22,0.11543802459460928,-0.009493350989903337,0.07693059423883908
x~nonlin,val_y,22,0.5508865340400686,-0.004655977896089736,0.4940615516429592
c1x~nonlin,val_y,22,0.21734682833980334,-0.013289617241196261,0.18902410089238963
y~nonlin,val_y,22,0.2342748899296655,-0.011219292162381489,0.18085171630594843
c2y~nonlin,val_y,22,0.11079666707810898,-0.0023003985343350575,0.08443603184262094
answer,val_y,24,0.8504401753165359,-0.007860144519982626,0.7480524042542384
x,val_y,24,0.9003373944720297,-0.009106707860780716,0.7403284591920588
c1x,val_y,24,0.9446494516139383,0.002827541203334949,0.8342170858777191
y,val_y,24,0.9536182962226492,-0.006324101248878167,0.8708805844610654
c2y,val_y,24,0.8476364241643133,-0.001903631569039499,0.7508934539214026
answer~nonlin,val_y,24,0.08025616425818527,-0.010600947437627628,0.049753113652861614
x~nonlin,val_y,24,0.5467237759319636,-0.003694357802924486,0.45264226171127353
c1x~nonlin,val_y,24,0.19189778724523365,-0.01262481405962168,0.11668003750781952
y~nonlin,val_y,24,0.17600525306236503,-0.008477268914774072,0.09447486679395856
c2y~nonlin,val_y,24,0.08063041755444333,-0.0011845633034361924,0.0444432142656076
answer,val_y,26,0.8468521843607206,-0.006304017564443765,0.7194391204797562
x,val_y,26,0.8955177725983493,-0.00865421976033387,0.7272462937386621
c1x,val_y,26,0.9379813407938976,0.002028326743778841,0.8066636487071885
y,val_y,26,0.946076100088255,-0.0064805649123633735,0.8252379319176038
c2y,val_y,26,0.8476738298030125,3.9885004132655943e-05,0.7219741232862505
answer~nonlin,val_y,26,0.08624368179602016,-0.01140989753328725,0.039971464381210686
x~nonlin,val_y,26,0.5407319495918377,-0.0043368658913160996,0.45563258112643856
c1x~nonlin,val_y,26,0.19065296216772876,-0.012560601505864577,0.10305827455371241
y~nonlin,val_y,26,0.17254456819578712,-0.008148031977923686,0.09991995935230447
c2y~nonlin,val_y,26,0.08506651423993106,-0.0011080092474979875,0.053364802875537354
answer,val_y,28,0.7721712723458342,-0.005869375016192446,0.5993803441120611
x,val_y,28,0.8066054631464293,-0.010382109979098164,0.5990665829376918
c1x,val_y,28,0.8913348866590791,-0.003100164459709731,0.6937312927042976
y,val_y,28,0.9064950901958956,-0.008561165201323773,0.6894273815265409
c2y,val_y,28,0.7764381241081665,0.002945421775426005,0.6005011485124394
answer~nonlin,val_y,28,0.05956366460824858,-0.009128548773960743,0.043763067603237116
x~nonlin,val_y,28,0.47785458497147715,-0.006440835677381074,0.363704529072974
c1x~nonlin,val_y,28,0.17552357627430804,-0.0072273392848416496,0.13062521359392576
y~nonlin,val_y,28,0.12423285147109131,-0.0024682116980789814,0.06742717213951777
c2y~nonlin,val_y,28,0.058913900825710463,-0.0004845635773127466,0.04550879024844223
answer,pre_c2y,0,-0.00047327588493972783,-0.0038766411640600573,-0.0004732781214837889
x,pre_c2y,0,-0.0007603193256664476,-0.0053882067592043725,-0.0007603211577207336
c1x,pre_c2y,0,-0.0004972250465180572,-0.002637797576702239,-0.000497225626701292
y,pre_c2y,0,-0.0002040817888906421,-0.0045144998159305505,-0.00020408368270485866
c2y,pre_c2y,0,-0.0005498008324669179,-0.00044410492860502693,-0.0005498012079858672
answer~nonlin,pre_c2y,0,-0.0006219254004646846,-0.00471052003455541,-0.0006219254158672527
x~nonlin,pre_c2y,0,-0.00027950744125249116,-0.0012446888116752763,-0.00027950701673251643
c1x~nonlin,pre_c2y,0,-0.0028367841362817448,-0.001052393265053908,-0.0028367841734364685
y~nonlin,pre_c2y,0,-0.0009222907671591063,-0.001373999337298537,-0.0009222907561126092
c2y~nonlin,pre_c2y,0,-0.0004719253718021843,-0.001438159023892993,-0.0004719253772909049
answer,pre_c2y,2,0.9219525300663866,-0.008405606635008,0.836568782811564
x,pre_c2y,2,0.843457227018146,-0.016170605671220972,0.7481855968508009
c1x,pre_c2y,2,0.9392439698223551,0.0019961584432308666,0.8286020848643552
y,pre_c2y,2,0.9602458759726652,-0.005786357324139235,0.8672982022432628
c2y,pre_c2y,2,0.9290937010250159,-9.890137341761474e-06,0.8425131643236249
answer~nonlin,pre_c2y,2,0.09308789628422265,-0.003124132633950172,0.07417871690274724
x~nonlin,pre_c2y,2,0.5266143045231311,-0.007081804845487705,0.46377210771621746
c1x~nonlin,pre_c2y,2,0.26718981113322693,-0.009735239666031958,0.1491262108918724
y~nonlin,pre_c2y,2,0.16728168701405155,-0.0019016673625698033,0.08413697722020086
c2y~nonlin,pre_c2y,2,0.0915628047636492,0.0009384710967048626,0.07620528300386431
answer,pre_c2y,4,0.947078107329754,-0.006377811199538508,0.9081247211007721
x,pre_c2y,4,0.9211035267216886,-0.010960305666895431,0.8067147990909638
c1x,pre_c2y,4,0.9694188498428364,-0.0021240429638684777,0.9158972388312749
y,pre_c2y,4,0.9870955681638521,-0.008738999707713413,0.9465327545432296
c2y,pre_c2y,4,0.9549835521051283,-0.004519732562740408,0.9132230008974025
answer~nonlin,pre_c2y,4,0.13635730369085597,-0.005054853185740393,0.09758237303235728
x~nonlin,pre_c2y,4,0.5899361661077078,-0.008444812647117717,0.5146348201139719
c1x~nonlin,pre_c2y,4,0.3103247272777545,-0.00815405883294873,0.27659842443327387
y~nonlin,pre_c2y,4,0.19778723217853877,-0.003649545218985528,0.17661231268319788
c2y~nonlin,pre_c2y,4,0.14274436077964492,-0.0031019584101621422,0.09691806399851244
answer,pre_c2y,6,0.9515927826705339,-0.011652142231085794,0.8865927581705686
x,pre_c2y,6,0.941522972635308,-0.010611395604744,0.826327411079903
c1x,pre_c2y,6,0.97058553271159,-0.005511764791716001,0.8780716288678501
y,pre_c2y,6,0.9842925763790366,-0.003529744244197053,0.9030780295729327
c2y,pre_c2y,6,0.9604198483151934,-0.0012999732201695036,0.8913330735295153
answer~nonlin,pre_c2y,6,0.23890681703948158,-0.007409933556713488,0.13216703204048752
x~nonlin,pre_c2y,6,0.6040442714655692,-0.00892728350239369,0.5406484676465155
c1x~nonlin,pre_c2y,6,0.3240730334765507,-0.008516801032218524,0.25626099920118695
y~nonlin,pre_c2y,6,0.23771566116098664,-0.006625022239631129,0.16615339393285722
c2y~nonlin,pre_c2y,6,0.24004368907545048,-0.0038085912973784275,0.13448076586285607
answer,pre_c2y,8,0.944148188855018,-0.01611507399467338,0.8808912149838954
x,pre_c2y,8,0.9300332838956031,-0.00945456370652531,0.8319613861284351
c1x,pre_c2y,8,0.950560044393533,-0.005346448396340797,0.8857918421903084
y,pre_c2y,8,0.9675776009865137,-0.003720161399974664,0.9078036567169602
c2y,pre_c2y,8,0.9514968254265377,-0.004545791206747252,0.8850054514684004
answer~nonlin,pre_c2y,8,0.2846952778346188,-0.00335767776306084,0.2555228114112412
x~nonlin,pre_c2y,8,0.5889401878842844,-0.007088355283184633,0.5232672169938385
c1x~nonlin,pre_c2y,8,0.31137413427778426,-0.01164870664405182,0.2565184476522778
y~nonlin,pre_c2y,8,0.22071230243975393,-0.0076210118484234535,0.2177600592443658
c2y~nonlin,pre_c2y,8,0.2927840919872051,-0.00701601889589365,0.25601624176640503
answer,pre_c2y,10,0.9323459848679263,-0.018416749107812436,0.8228622162416129
x,pre_c2y,10,0.9277082932215309,-0.010346724694622056,0.7965522198291142
c1x,pre_c2y,10,0.9367334050764008,-0.0030372298861758296,0.8067175067566744
y,pre_c2y,10,0.9527268366693812,-0.007556542080886963,0.8464122751139289
c2y,pre_c2y,10,0.9338732455663639,-0.0077920456489399825,0.8255837209483711
answer~nonlin,pre_c2y,10,0.23314439880552162,-0.00048499475687546756,0.20030961903085598
x~nonlin,pre_c2y,10,0.5841217876684799,-0.009345492743654926,0.47836513787526214
c1x~nonlin,pre_c2y,10,0.3115459323269142,-0.01240485961813853,0.2235154478132545
y~nonlin,pre_c2y,10,0.21648954334827586,-0.007988246291763534,0.19419150976941935
c2y~nonlin,pre_c2y,10,0.23222560451007812,-0.00827348563666952,0.20510555405999487
answer,pre_c2y,12,0.9193099476351171,-0.0126216925184508,0.8136743505552823
x,pre_c2y,12,0.9200842558731076,-0.004534142217963666,0.7515490079879348
c1x,pre_c2y,12,0.9267402395339057,-0.006721393852765933,0.7988795543953264
y,pre_c2y,12,0.9429019816375246,-0.006865308597223008,0.8313198693412513
c2y,pre_c2y,12,0.9196136875156172,-0.007899517914871312,0.8109121519004863
answer~nonlin,pre_c2y,12,0.21257362849177686,0.0026715635240024405,0.14133305862526668
x~nonlin,pre_c2y,12,0.5812619508593699,-0.006551336142975206,0.4539617738864754
c1x~nonlin,pre_c2y,12,0.2917722947933331,-0.013615241855163163,0.22422709390340234
y~nonlin,pre_c2y,12,0.23591473759155535,-0.006394996063582958,0.1661250196213503
c2y~nonlin,pre_c2y,12,0.20936842901755093,-0.008016910788460008,0.13642277064545716
answer,pre_c2y,14,0.9212983902696457,-0.010507765119517787,0.7962594050887537
x,pre_c2y,14,0.9119402395804326,-0.004479792662451354,0.7610341981693585
c1x,pre_c2y,14,0.9241283787082084,-0.0040810540831588416,0.8055270006882108
y,pre_c2y,14,0.9424963819690322,-0.00801909959846725,0.8204168929352864
c2y,pre_c2y,14,0.9220501767114959,-0.003326512207257881,0.7984933479994001
answer~nonlin,pre_c2y,14,0.14862581314140078,0.0035110194482755874,0.12134109909887714
x~nonlin,pre_c2y,14,0.565462047405223,-0.0055800884465613265,0.4687761713072369
c1x~nonlin,pre_c2y,14,0.29015533482099043,-0.008818783354031856,0.2368389842021369
y~nonlin,pre_c2y,14,0.18055949839520913,-0.00563995108286508,0.15201398153654166
c2y~nonlin,pre_c2y,14,0.14709191964551882,-0.008378521532812933,0.12880507164957822
answer,pre_c2y,16,0.897460471119445,-0.011381690540596567,0.8071880910036933
x,pre_c2y,16,0.8795991882804971,-0.008365211313817733,0.7220227488780089
c1x,pre_c2y,16,0.8966461682571093,-0.0053148319997184945,0.7758938443473384
y,pre_c2y,16,0.9157352585812425,-0.006775480219404217,0.8070327879436759
c2y,pre_c2y,16,0.8977896727361415,-0.00502394822828367,0.8096189308042485
answer~nonlin,pre_c2y,16,0.1107146208887485,-0.0006974092652565211,0.09669918455293303
x~nonlin,pre_c2y,16,0.5353425214646073,-0.0009846545237932602,0.43260353372856264
c1x~nonlin,pre_c2y,16,0.22418339806688736,-0.01211347501972626,0.16158040679119823
y~nonlin,pre_c2y,16,0.1663995288956862,-0.008897175336390228,0.10022365881022921
c2y~nonlin,pre_c2y,16,0.10866507883783516,-0.011414474321780999,0.10515804774206594
answer,pre_c2y,18,0.8699044985160863,-0.012076308819380932,0.7171437007107664
x,pre_c2y,18,0.8354245813835183,-0.0040663394126143615,0.6121180193110181
c1x,pre_c2y,18,0.8644647252669548,-0.006448961464878167,0.6857246000537955
y,pre_c2y,18,0.8846319674413263,-0.013293079140139552,0.7140236055908873
c2y,pre_c2y,18,0.8693378932828402,-0.008075389741186267,0.7142996847975112
answer~nonlin,pre_c2y,18,0.11981275470163277,-0.004004654029022836,0.07368168733013758
x~nonlin,pre_c2y,18,0.5005701184775935,-0.00218531752849227,0.34784754238528237
c1x~nonlin,pre_c2y,18,0.18202520284202406,-0.014212093102586643,0.07676319653301167
y~nonlin,pre_c2y,18,0.14954518348459633,-0.01208580979371554,0.050542714879607376
c2y~nonlin,pre_c2y,18,0.12228623945816175,-0.013256023621145419,0.0758185337452989
answer,pre_c2y,20,0.891091936166015,-0.01432192472580085,0.7143847436323754
x,pre_c2y,20,0.8502092268911156,-0.0058086091725950695,0.650540049741384
c1x,pre_c2y,20,0.8789683137385936,-0.008280081326493827,0.6847400156518291
y,pre_c2y,20,0.8988024102885107,-0.012528452797729406,0.699904228926565
c2y,pre_c2y,20,0.8912242333411656,-0.007634747766207983,0.7137664292565384
answer~nonlin,pre_c2y,20,0.1537091493032251,-0.006049988786284377,0.086463502281655
x~nonlin,pre_c2y,20,0.5039486979506611,-0.005013155268046798,0.39478181549645164
c1x~nonlin,pre_c2y,20,0.19825615117605655,-0.013420861117886984,0.11124311293732425
y~nonlin,pre_c2y,20,0.14372472770213807,-0.010729403202386356,0.06622758012262397
c2y~nonlin,pre_c2y,20,0.1569647937776827,-0.014175398104004922,0.09148793389353838
answer,pre_c2y,22,0.8980488701523294,-0.010944496469209142,0.7088789588207396
x,pre_c2y,22,0.8491115369642008,-0.007314986933638634,0.6144729373690265
c1x,pre_c2y,22,0.8822997429397316,-0.004995297691863909,0.6492067346144437
y,pre_c2y,22,0.9028351320830894,-0.011638288185552792,0.6746543067304513
c2y,pre_c2y,22,0.8992547363481626,-0.0019531441936340155,0.7095912025342377
answer~nonlin,pre_c2y,22,0.17490436626549888,-0.005297791239557315,0.10505353783836913
x~nonlin,pre_c2y,22,0.5129859519770805,-0.006039453898493363,0.38660099690761307
c1x~nonlin,pre_c2y,22,0.19006328726333455,-0.0125280958877243,0.11549401895013789
y~nonlin,pre_c2y,22,0.1352274839357891,-0.009914793851923953,0.08170829782652078
c2y~nonlin,pre_c2y,22,0.18026553266916756,-0.011495652307608184,0.10452404327572551
answer,pre_c2y,24,0.948349339047095,-0.011808670578242086,0.8648746563828358
x,pre_c2y,24,0.8991215025469383,-0.013829202122630058,0.7669489769232226
c1x,pre_c2y,24,0.9418154181736689,-0.00491846210198954,0.8284330056810627
y,pre_c2y,24,0.956304833764843,-0.009984005563169251,0.8485409795894163
c2y,pre_c2y,24,0.9497461255556049,-0.002054861367570826,0.8626653229738239
answer~nonlin,pre_c2y,24,0.31122977151646936,-0.0067765169333446895,0.20004382317615066
x~nonlin,pre_c2y,24,0.5976787889880926,-0.005882307305468348,0.5011024843471736
c1x~nonlin,pre_c2y,24,0.29187736040313794,-0.008784222769554706,0.24618317966564474
y~nonlin,pre_c2y,24,0.20295628419762513,-0.008209104248072308,0.15365519917852366
c2y~nonlin,pre_c2y,24,0.32036856134271163,-0.004293612094416144,0.200559190327941
answer,pre_c2y,26,0.9516726173078366,-0.014353795926083768,0.848747796971413
x,pre_c2y,26,0.8888794816584317,-0.01486789418928991,0.7329759489490884
c1x,pre_c2y,26,0.9339104700337136,-0.002466066609648765,0.7864758573368905
y,pre_c2y,26,0.9529482196712161,-0.010146236078691695,0.8190654152237515
c2y,pre_c2y,26,0.9528173329072533,-0.0037558539637729815,0.8508428985368371
answer~nonlin,pre_c2y,26,0.377413205272251,-0.007686704341928863,0.2521734559583607
x~nonlin,pre_c2y,26,0.5653269548890794,-0.0072167228938240235,0.4692971824967599
c1x~nonlin,pre_c2y,26,0.28734718676748405,-0.010953925336754988,0.22679547106859022
y~nonlin,pre_c2y,26,0.19350458954846472,-0.008578428913688096,0.15098430546605246
c2y~nonlin,pre_c2y,26,0.388330817476803,-0.008876139410425754,0.26094156791161094
answer,pre_c2y,28,0.9333577269465888,-0.012521197649617344,0.8079624588530122
x,pre_c2y,28,0.8628070537065109,-0.012344277686427096,0.6634739073664655
c1x,pre_c2y,28,0.9210236059821479,-0.004209796082424333,0.7761112946198276
y,pre_c2y,28,0.9377304405881663,-0.008230237324081902,0.7900689318082887
c2y,pre_c2y,28,0.9344369362967074,-0.0029245692266437473,0.8089991570087824
answer~nonlin,pre_c2y,28,0.36260719243321615,-0.005438638312645683,0.20321964573408335
x~nonlin,pre_c2y,28,0.5371175083971025,-0.008666516304808747,0.4300533169574736
c1x~nonlin,pre_c2y,28,0.2671975045167789,-0.012945186262539154,0.19235303924820535
y~nonlin,pre_c2y,28,0.1902505856589114,-0.006142105714133761,0.12198564644660059
c2y~nonlin,pre_c2y,28,0.3746071667628229,-0.009424185352054693,0.20858684565886731
answer,val_c2y,0,0.03412778209344969,-0.010234955273661805,0.034117135060652504
x,val_c2y,0,-0.00785598992833636,-0.008905795221624713,-0.001382842599913836
c1x,val_c2y,0,-0.007347381300690126,-0.007552951180784362,-0.0010736545617122673
y,val_c2y,0,-0.006022133506751182,-0.01024916996269809,-0.0011838339185088476
c2y,val_c2y,0,0.0328876418929227,0.001512117586712436,0.03280324995644468
answer~nonlin,val_c2y,0,-0.006866855223182755,-0.01433548164208398,-0.004111775815127894
x~nonlin,val_c2y,0,-0.010905432831145756,-0.011448811353543809,-0.003954543960827284
c1x~nonlin,val_c2y,0,-0.003945586506386434,-0.007570475996717452,-0.003888064181554851
y~nonlin,val_c2y,0,-0.007169479541701662,-0.004671676474566899,-0.0021470234944234168
c2y~nonlin,val_c2y,0,-0.007084030522429119,-0.0073804239902253155,-0.004138643899578742
answer,val_c2y,2,0.9848948904273865,-0.017587322687385498,0.9381527663272115
x,val_c2y,2,0.7044362582899097,-0.010313433118799065,0.7038882325909455
c1x,val_c2y,2,0.8371876740683816,-0.0009163308366593181,0.8346508000701299
y,val_c2y,2,0.8907042258539082,-0.013025758788045572,0.88454704184458
c2y,val_c2y,2,0.9923770068646118,-0.012260743461875778,0.9439043385675493
answer~nonlin,val_c2y,2,0.3270630055066297,-0.012245324125850887,0.24849221093976692
x~nonlin,val_c2y,2,0.43192336066757286,-0.0026535356015391365,0.4365667939178174
c1x~nonlin,val_c2y,2,0.18289891096846778,-0.01130280145134721,0.14653824739408794
y~nonlin,val_c2y,2,0.12349698717066049,-0.004002253184740567,0.09874573136813236
c2y~nonlin,val_c2y,2,0.3281032189779066,-0.008051599633347672,0.25572623738173905
answer,val_c2y,4,0.9799718720873141,-0.009462417383506727,0.9115057377130182
x,val_c2y,4,0.7260763058321393,-0.008974182081357363,0.7109947069778604
c1x,val_c2y,4,0.8457921513468741,-0.000763468366567821,0.8138376354094438
y,val_c2y,4,0.8942551610344717,-0.007982644348967893,0.8599972080134191
c2y,val_c2y,4,0.9869235688991448,-0.014073524344476507,0.9159650767291405
answer~nonlin,val_c2y,4,0.32854530732269316,-0.011819240838899292,0.27132671760076976
x~nonlin,val_c2y,4,0.4649408220012734,0.0019469505963646272,0.4509256993596281
c1x~nonlin,val_c2y,4,0.16759253567988408,-0.008959945770536493,0.15508000661386623
y~nonlin,val_c2y,4,0.114255853690305,-0.008153329699269296,0.1114036363648806
c2y~nonlin,val_c2y,4,0.33265155931218127,-0.007605385520389918,0.27811992964759646
answer,val_c2y,6,0.9683092246450042,-0.00691623312537315,0.8738066280040698
x,val_c2y,6,0.7364888345047995,-0.006702650845975766,0.6881327095019312
c1x,val_c2y,6,0.8644411422415808,-0.003928240832799634,0.7837222358532805
y,val_c2y,6,0.9116266355887748,-0.008221069940239856,0.8170602145907024
c2y,val_c2y,6,0.975570296988314,-0.009812091770761366,0.8795342606533972
answer~nonlin,val_c2y,6,0.29126692992685344,-0.010334426562799592,0.24338086094198708
x~nonlin,val_c2y,6,0.4694499452447871,-0.0017760730817792947,0.45546544676227396
c1x~nonlin,val_c2y,6,0.17104577311177616,-0.012304592329010156,0.15452258920045603
y~nonlin,val_c2y,6,0.10486457963058682,-0.007789600505801131,0.09555222826378196
c2y~nonlin,val_c2y,6,0.29689118963097183,-0.00887549710444202,0.25213277927427435
answer,val_c2y,8,0.9769395057465394,-0.011777793557521843,0.8891640042233009
x,val_c2y,8,0.7817646188389522,-0.007764005299913723,0.7126819610003514
c1x,val_c2y,8,0.9044134770240783,-0.004876063583512336,0.8051525391707373
y,val_c2y,8,0.9407299620521283,-0.008549719065324535,0.8460713481744147
c2y,val_c2y,8,0.9834126257196747,-0.009637705003999741,0.891751923942798
answer~nonlin,val_c2y,8,0.3347422431521515,-0.01134880893629342,0.29548715114708
x~nonlin,val_c2y,8,0.5021330679618563,-0.0025747711590782263,0.46139720829158415
c1x~nonlin,val_c2y,8,0.19500543532733394,-0.006936112293936203,0.18330387906820045
y~nonlin,val_c2y,8,0.1280551096484377,-0.015582901875723199,0.11257429751615355
c2y~nonlin,val_c2y,8,0.33810737472645014,-0.012228996508593326,0.2975663242064237
answer,val_c2y,10,0.9744819114245789,-0.0140332578021245,0.8811688209945602
x,val_c2y,10,0.7861556224711721,-0.012186967179319552,0.7057654737942275
c1x,val_c2y,10,0.909853932249665,-0.006565943832983034,0.8063307501391888
y,val_c2y,10,0.9445329756118093,-0.004769683055377172,0.832891624703836
c2y,val_c2y,10,0.9810931306666095,-0.006240446286072121,0.883903042553242
answer~nonlin,val_c2y,10,0.33308061243073184,-0.009908166469654311,0.3182129539523838
x~nonlin,val_c2y,10,0.5051918438204364,-0.0003025703073777919,0.4725808760444653
c1x~nonlin,val_c2y,10,0.21674914412656787,-0.005618146122444045,0.16755927892078437
y~nonlin,val_c2y,10,0.1293122500631514,-0.01503935107376364,0.10306886220967182
c2y~nonlin,val_c2y,10,0.3358350094645023,-0.012520289924444983,0.3169410358864416
answer,val_c2y,12,0.9713426536385649,-0.016215159822300373,0.8904897283183673
x,val_c2y,12,0.8320550137569389,-0.0034620344939193526,0.7482793866907533
c1x,val_c2y,12,0.9431243889093497,-0.006029325996790957,0.8223583557845253
y,val_c2y,12,0.9568174369921935,-0.0032978825423140012,0.8615507530464219
c2y,val_c2y,12,0.9760695203121075,-0.0072426439745458815,0.8916005652053962
answer~nonlin,val_c2y,12,0.33150330639379855,-0.009287422952428237,0.30196740819912116
x~nonlin,val_c2y,12,0.5460869693138275,0.0004852551012081152,0.488478556230346
c1x~nonlin,val_c2y,12,0.24559771735585723,-0.0059688247275031525,0.16702969436276338
y~nonlin,val_c2y,12,0.17177201560758404,-0.014791148413220379,0.09241208804335055
c2y~nonlin,val_c2y,12,0.333310336307461,-0.009877554300806946,0.3054521015634395
answer,val_c2y,14,0.9781281627672452,-0.019472706756199498,0.906648325611091
x,val_c2y,14,0.845263942624392,-0.005311992821929401,0.7581543815957568
c1x,val_c2y,14,0.9411940555313287,-0.006413264655295459,0.8420182720829088
y,val_c2y,14,0.9562170999267289,-0.007056187369745448,0.8619753222056254
c2y,val_c2y,14,0.9800673065437358,-0.006197099686760188,0.911420093808478
answer~nonlin,val_c2y,14,0.33278197298718215,-0.008017754513256703,0.3098239505705912
x~nonlin,val_c2y,14,0.565216868870609,-0.0004911564727136941,0.4900837250697532
c1x~nonlin,val_c2y,14,0.23023770184908787,-0.01045573934683297,0.1713534909222859
y~nonlin,val_c2y,14,0.15798550243867282,-0.01291558269519033,0.1153035886108209
c2y~nonlin,val_c2y,14,0.3336638398768226,-0.009217243615621928,0.31066860325970524
answer,val_c2y,16,0.9634388745349121,-0.017364006571990664,0.8981501135714612
x,val_c2y,16,0.8655249338867155,-0.0058196847803950735,0.7751100212519448
c1x,val_c2y,16,0.9439050073855926,-0.007202053853543111,0.8500735697373726
y,val_c2y,16,0.9554316264358125,-0.005507794696309576,0.8774110878063003
c2y,val_c2y,16,0.9637376483650734,-0.005727393232918931,0.8965670658121102
answer~nonlin,val_c2y,16,0.34144300363330604,-0.0059968023359509015,0.296981181123969
x~nonlin,val_c2y,16,0.5545711590194851,0.00024257034968777624,0.4993149001088034
c1x~nonlin,val_c2y,16,0.2655945000788159,-0.009764934453896146,0.20832471474023306
y~nonlin,val_c2y,16,0.1778747361366816,-0.00913577301111479,0.1317793185418441
c2y~nonlin,val_c2y,16,0.3421331849291057,-0.01038087403440957,0.2990179365646678
answer,val_c2y,18,0.9555305643370273,-0.01736511764323123,0.8751250909616496
x,val_c2y,18,0.8584741095331627,-0.004639959077326283,0.7507708100144068
c1x,val_c2y,18,0.930035024418031,-0.007664414579557688,0.8302343646842976
y,val_c2y,18,0.9440939198873651,-0.006995886217745051,0.8651194008342036
c2y,val_c2y,18,0.9565829022665441,-0.007830921052421669,0.8760489951177409
answer~nonlin,val_c2y,18,0.3427413345624296,-0.005118016891820565,0.24969429077353456
x~nonlin,val_c2y,18,0.5411806628838117,-0.0017989875867494565,0.446706196412217
c1x~nonlin,val_c2y,18,0.2590440982447505,-0.008057279825581576,0.23014661857006558
y~nonlin,val_c2y,18,0.17072308401650982,-0.01038504345136726,0.13704460346543623
c2y~nonlin,val_c2y,18,0.3438055936298109,-0.015016919721522637,0.25792286344606363
answer,val_c2y,20,0.942738347524043,-0.016286360072779837,0.8003730099368431
x,val_c2y,20,0.8403250038042326,-0.004648944304932012,0.6337863914515779
c1x,val_c2y,20,0.9095211644435564,-0.008101801245632645,0.732238213423275
y,val_c2y,20,0.9277453905677034,-0.01086061925811932,0.7654747661638859
c2y,val_c2y,20,0.9450289667964819,-0.006991048513272036,0.7989679937433988
answer~nonlin,val_c2y,20,0.2777854829300357,-0.005533473436581948,0.27087028613852226
x~nonlin,val_c2y,20,0.5096364688392756,-0.002711802426829779,0.34815458659547205
c1x~nonlin,val_c2y,20,0.22844568457403625,-0.005919185062601695,0.1800304858437206
y~nonlin,val_c2y,20,0.15742020266334988,-0.009858239872007513,0.1389870700999145
c2y~nonlin,val_c2y,20,0.2880938725117115,-0.01535700146348562,0.2880147448101972
answer,val_c2y,22,0.9571703589281332,-0.016186459541722042,0.8028022351295062
x,val_c2y,22,0.8479448039997508,-0.007739692884991545,0.6772291338085566
c1x,val_c2y,22,0.9181390038040147,-0.005260822576622637,0.7696156608187744
y,val_c2y,22,0.9395029253976528,-0.010573007630310105,0.7869853039433372
c2y,val_c2y,22,0.9583804876715598,-0.004283166926569049,0.8015485322671742
answer~nonlin,val_c2y,22,0.25063713713407343,-0.008005506270029938,0.20643759593505862
x~nonlin,val_c2y,22,0.5182312309278757,-0.003936200622815855,0.38443682231086795
c1x~nonlin,val_c2y,22,0.18621250479201956,-0.007731065523505887,0.16864267339922723
y~nonlin,val_c2y,22,0.12753826083391795,-0.010706013448750884,0.1244363516775685
c2y~nonlin,val_c2y,22,0.2510073118064303,-0.0163517333667893,0.21337276357138701
answer,val_c2y,24,0.955448062717097,-0.01598734366185739,0.8159931433906403
x,val_c2y,24,0.8272655312120708,-0.006813941138606783,0.6445801664496209
c1x,val_c2y,24,0.9113660038748171,-0.0017183452400981736,0.7618715854572404
y,val_c2y,24,0.9337725711348581,-0.006660367384653254,0.7941954568278137
c2y,val_c2y,24,0.9574705764999284,-0.0026953532232949495,0.8172841518139171
answer~nonlin,val_c2y,24,0.28909020165560595,-0.005844326509951037,0.23962315449202176
x~nonlin,val_c2y,24,0.4962526661000022,-0.004547126220506348,0.357867865098469
c1x~nonlin,val_c2y,24,0.19657610219581834,-0.0064287438475567615,0.16337030900396032
y~nonlin,val_c2y,24,0.13424583281960478,-0.010679161272936,0.10571753370202563
c2y~nonlin,val_c2y,24,0.29133983993466017,-0.01631656582048735,0.24426671535028122
answer,val_c2y,26,0.9495193630179156,-0.015316245871973777,0.7750388564517334
x,val_c2y,26,0.8197772936502115,-0.00655926294321274,0.5808284417916201
c1x,val_c2y,26,0.9111341765387488,-0.0018516618788977368,0.6803239631351066
y,val_c2y,26,0.9287606369263044,-0.007495825138938539,0.7222523593180008
c2y,val_c2y,26,0.9510012173820582,-0.001488857543196609,0.771001992811909
answer~nonlin,val_c2y,26,0.28339193711300636,-0.003743354314333036,0.2137815761017967
x~nonlin,val_c2y,26,0.5105264516042052,-0.0051658784257402335,0.34105694063448455
c1x~nonlin,val_c2y,26,0.20888876958856284,-0.007509709205389292,0.14918784467082968
y~nonlin,val_c2y,26,0.13991672115197973,-0.009565306190047584,0.09919539460321558
c2y~nonlin,val_c2y,26,0.2819451860746709,-0.014037834647035119,0.21380441232648406
answer,val_c2y,28,0.9328831600848917,-0.014315107167483188,0.7251673546835438
x,val_c2y,28,0.7875568834046625,-0.008130664916365049,0.52758094064104
c1x,val_c2y,28,0.89793936465821,-0.0009341150038244539,0.6393058641544562
y,val_c2y,28,0.9133073006178017,-0.007446043880136477,0.6682233346200199
c2y,val_c2y,28,0.9348186411139741,-0.0024908457677246254,0.7256981908860614
answer~nonlin,val_c2y,28,0.27979045709152506,-0.0039767105123089674,0.17448999447131197
x~nonlin,val_c2y,28,0.4679735512012275,-0.0033938852387394025,0.3317539610929837
c1x~nonlin,val_c2y,28,0.20333323618516663,-0.00891749579456902,0.1358827570851051
y~nonlin,val_c2y,28,0.13376369539974597,-0.00797040795482995,0.08193335192288265
c2y~nonlin,val_c2y,28,0.27641409850782195,-0.01278071692598659,0.1588149300414461
answer,pre_ans,0,-0.00047327588493972783,-0.0038766411640600573,-0.0004732781214837889
x,pre_ans,0,-0.0007603193256664476,-0.0053882067592043725,-0.0007603211577207336
c1x,pre_ans,0,-0.0004972250465180572,-0.002637797576702239,-0.000497225626701292
y,pre_ans,0,-0.0002040817888906421,-0.0045144998159305505,-0.00020408368270485866
c2y,pre_ans,0,-0.0005498008324669179,-0.00044410492860502693,-0.0005498012079858672
answer~nonlin,pre_ans,0,-0.0006219254004646846,-0.00471052003455541,-0.0006219254158672527
x~nonlin,pre_ans,0,-0.00027950744125249116,-0.0012446888116752763,-0.00027950701673251643
c1x~nonlin,pre_ans,0,-0.0028367841362817448,-0.001052393265053908,-0.0028367841734364685
y~nonlin,pre_ans,0,-0.0009222907671591063,-0.001373999337298537,-0.0009222907561126092
c2y~nonlin,pre_ans,0,-0.0004719253718021843,-0.001438159023892993,-0.0004719253772909049
answer,pre_ans,2,0.8311310184547358,-0.006048540372524558,0.6594161587838276
x,pre_ans,2,0.7338081424373681,-0.007771674083318247,0.5505050769285831
c1x,pre_ans,2,0.7889747683808328,-0.0061515564451282145,0.6206778342462294
y,pre_ans,2,0.8124206408211772,-0.003921480848445791,0.6452069891038632
c2y,pre_ans,2,0.8315649383296366,-0.00926862333822509,0.6572901297293938
answer~nonlin,pre_ans,2,0.0535472419543247,-0.0024106046946892334,-0.0033906461272368293
x~nonlin,pre_ans,2,0.412964562936765,-0.0024420062396159903,0.3087811481162205
c1x~nonlin,pre_ans,2,0.10860566262768956,-0.01129205677782652,0.012467558154997449
y~nonlin,pre_ans,2,0.04475270142546128,-0.01662735303569729,-0.01162335962792449
c2y~nonlin,pre_ans,2,0.06682691437650057,-0.011950307746492417,0.002021889029003354
answer,pre_ans,4,0.9164972446411002,-0.010969058569296086,0.7383108731991466
x,pre_ans,4,0.8361052764164542,-0.0076629688881113545,0.671031353650438
c1x,pre_ans,4,0.8967331127911584,-0.00474079424216578,0.7069771151731921
y,pre_ans,4,0.9078436658420315,-0.006314456033013505,0.7276772682047801
c2y,pre_ans,4,0.9161369443903716,-0.006702290808965561,0.7369065880054029
answer~nonlin,pre_ans,4,0.20324948182999225,0.0014359775374102046,0.03820420199267682
x~nonlin,pre_ans,4,0.5196221001998553,-0.0026865010304650827,0.4282031051394507
c1x~nonlin,pre_ans,4,0.1484282406026466,-0.009836728660483463,0.03303096598563182
y~nonlin,pre_ans,4,0.09175424434573842,-0.016822661796819682,0.0028518480254261513
c2y~nonlin,pre_ans,4,0.21362412555615173,-0.008328189395930607,0.04543421785184121
answer,pre_ans,6,0.9200002635361332,-0.010280015151346689,0.7546869296178065
x,pre_ans,6,0.8490268301698063,-0.005653719863686346,0.6515775377444373
c1x,pre_ans,6,0.9112215727155779,-0.005418687247930931,0.7351286531591623
y,pre_ans,6,0.9223368958609646,-0.006689590988495642,0.7425185440822315
c2y,pre_ans,6,0.9189167790056703,-0.007504098555054961,0.750458967342652
answer~nonlin,pre_ans,6,0.16307513198387402,0.00850307150837959,0.048966505542266336
x~nonlin,pre_ans,6,0.5241430701815376,-0.0006116477955033783,0.4086127493687205
c1x~nonlin,pre_ans,6,0.1483637655189436,-0.004875040950346188,0.07663692757206697
y~nonlin,pre_ans,6,0.08092572575389667,-0.0184235761998941,0.01696070025337182
c2y~nonlin,pre_ans,6,0.17509583896171432,-0.008783826627413838,0.04628247431136756
answer,pre_ans,8,0.8824599141091602,-0.008969719684493782,0.6766674793100098
x,pre_ans,8,0.7999029959337254,-0.00495407308973439,0.6300909092320607
c1x,pre_ans,8,0.8723812105961544,-0.003983356834847962,0.6301056431450685
y,pre_ans,8,0.8856682340939612,-0.003371155809537729,0.6743298476062825
c2y,pre_ans,8,0.8827515887113777,-0.003078507715177592,0.6756900820236114
answer~nonlin,pre_ans,8,0.06861769720246669,-0.0060758497293134095,0.08372773105280673
x~nonlin,pre_ans,8,0.4886782065433807,0.0024576538617550048,0.37079195754061534
c1x~nonlin,pre_ans,8,0.09651980799210758,-0.00883457974113111,0.051828762186760025
y~nonlin,pre_ans,8,0.033274578505094854,-0.015926739780359522,0.0036940287728906007
c2y~nonlin,pre_ans,8,0.07904939123005494,-0.009148203895489981,0.09334590117578334
answer,pre_ans,10,0.8637346641184964,-0.00674321875639583,0.5959483212010535
x,pre_ans,10,0.7720376736660424,-0.0023695308332551956,0.5583529546483064
c1x,pre_ans,10,0.8573821957296405,-0.00256598210343717,0.5950577622207278
y,pre_ans,10,0.871383893860394,-0.003148985223823564,0.619270982342303
c2y,pre_ans,10,0.8629521643970872,-0.005396684266367302,0.5929851837582079
answer~nonlin,pre_ans,10,0.05865568159200818,-0.006119167880718868,0.10391853800296635
x~nonlin,pre_ans,10,0.4753592100896692,0.0020326380513531195,0.31912795337782507
c1x~nonlin,pre_ans,10,0.08574505865718463,-0.006238065121896064,0.022402992330508464
y~nonlin,pre_ans,10,0.008798524751644776,-0.019561116562908598,0.0073775622097934646
c2y~nonlin,pre_ans,10,0.06421821341863987,-0.006396976671954269,0.12278874663055062
answer,pre_ans,12,0.8511920093191074,-0.0052606339276422,0.638513356254981
x,pre_ans,12,0.7313517526398197,-0.0014899255694940106,0.5625007579473205
c1x,pre_ans,12,0.8316610942821108,-0.0034869265154968687,0.6298921199325107
y,pre_ans,12,0.8559202803868057,-0.006918005637026381,0.6549934349658943
c2y,pre_ans,12,0.8521948927662764,-0.0031612573135455513,0.6335234678574758
answer~nonlin,pre_ans,12,0.086968415803238,-0.008320464329290234,0.05518855105636522
x~nonlin,pre_ans,12,0.4425575220533907,0.0010788931410611324,0.35330256735337795
c1x~nonlin,pre_ans,12,0.12177121733477425,-0.004917870330584773,0.034462044434833916
y~nonlin,pre_ans,12,0.0559027405899708,-0.017555752373667577,0.005428502699194149
c2y~nonlin,pre_ans,12,0.10351664070524413,-0.009082232825929681,0.05242218272370214
answer,pre_ans,14,0.8240326420294664,-0.006856415937130045,0.6698306327135483
x,pre_ans,14,0.7054209690744799,-0.0028512439215055974,0.5533476178726515
c1x,pre_ans,14,0.7973558165266702,0.0035627049183624138,0.6061645133794618
y,pre_ans,14,0.8227994703509335,-0.005719167357600918,0.6473532484965238
c2y,pre_ans,14,0.8241912088061498,-0.004861253395566978,0.6622518889525513
answer~nonlin,pre_ans,14,0.07007573359751407,-0.0072786261438435584,0.053583260755210804
x~nonlin,pre_ans,14,0.45349931937823085,-0.0007550232190565165,0.35787299514461124
c1x~nonlin,pre_ans,14,0.08445816270388984,-0.009493537063432367,0.04485508524251014
y~nonlin,pre_ans,14,0.032286907149315924,-0.015682801893528442,0.005858558375617995
c2y~nonlin,pre_ans,14,0.0730177722002453,-0.00932344735928159,0.04982441670359561
answer,pre_ans,16,0.8204667019678044,-0.004918444149020207,0.5667892571339299
x,pre_ans,16,0.7158393563477627,-0.0042559368385304275,0.4918958268312672
c1x,pre_ans,16,0.8003310609146472,0.002744152161409108,0.49251101618975923
y,pre_ans,16,0.816417745467308,-0.007607973004209123,0.5402952647237014
c2y,pre_ans,16,0.8197333505496056,-0.0045044876436368675,0.5599021618079097
answer~nonlin,pre_ans,16,0.08010670422172539,-0.007183894440736527,0.071396083858831
x~nonlin,pre_ans,16,0.4266891337501144,-0.0006919611013351812,0.27583085125442663
c1x~nonlin,pre_ans,16,0.15758781124294619,-0.007892620560208785,0.055099849088773634
y~nonlin,pre_ans,16,0.072484058321582,-0.014458968597130362,0.02022961082095942
c2y~nonlin,pre_ans,16,0.08055674962572901,-0.00750515640452587,0.07795282920433311
answer,pre_ans,18,0.8051738564452251,-0.005408675210068603,0.5583897900680947
x,pre_ans,18,0.6725850259954143,-0.0021618654502171264,0.4931607589801359
c1x,pre_ans,18,0.7539344811779719,0.0020749856235846575,0.48235049534066077
y,pre_ans,18,0.7832932313532588,-0.012291085885953512,0.5212954311993065
c2y,pre_ans,18,0.8051144938251518,-0.0038801636012475438,0.5498306734787147
answer~nonlin,pre_ans,18,0.0740203935698176,-0.007901169639780381,0.05286989664642483
x~nonlin,pre_ans,18,0.38027661138926416,-0.0034466024438752907,0.2975393844577521
c1x~nonlin,pre_ans,18,0.1255237478625022,-0.007115291494053766,0.04305731061492679
y~nonlin,pre_ans,18,0.05789797888701498,-0.01343301962946053,0.022340029902173653
c2y~nonlin,pre_ans,18,0.07870367683119428,-0.005572829055970008,0.06300790031738879
answer,pre_ans,20,0.8232521770957466,-0.009138246845461051,0.6319946906009286
x,pre_ans,20,0.6914369363349302,-0.001669755119855676,0.5948157034849255
c1x,pre_ans,20,0.7807842177863833,0.00017552253089336833,0.5770192691988208
y,pre_ans,20,0.8031337210399687,-0.008508853764837454,0.6085847093459928
c2y,pre_ans,20,0.8233305588719824,-0.002281817027903532,0.6273142623562744
answer~nonlin,pre_ans,20,0.08014270234653242,-0.008946341494624033,0.04319737816355962
x~nonlin,pre_ans,20,0.41516061877138566,-0.0007955548554656744,0.3764419617159429
c1x~nonlin,pre_ans,20,0.11539455879633442,-0.005680752868150174,0.08093915906299132
y~nonlin,pre_ans,20,0.06506059853648338,-0.01311584269211541,0.05487539640901484
c2y~nonlin,pre_ans,20,0.0839589822277389,-0.007521670261092295,0.03566321762404212
answer,pre_ans,22,0.8379269997873522,-0.00807221357875898,0.64046716688542
x,pre_ans,22,0.6899449143383052,-0.0056727007778192284,0.5365795304966273
c1x,pre_ans,22,0.7774729586406299,-0.0003958236572594309,0.5797784280391074
y,pre_ans,22,0.8156641811690061,-0.005124322636362422,0.605840682502809
c2y,pre_ans,22,0.838789193989933,-0.004195242341527905,0.6380591836833938
answer~nonlin,pre_ans,22,0.11708577459834923,-0.007471820270531726,0.0449256352052384
x~nonlin,pre_ans,22,0.4152699708780937,-0.0024093193147671776,0.3332604589332553
c1x~nonlin,pre_ans,22,0.12352344437080809,-0.0071707852823423845,0.08285961804759101
y~nonlin,pre_ans,22,0.04912724349146913,-0.011907107163859676,0.027034960538706687
c2y~nonlin,pre_ans,22,0.1148921204127743,-0.010255207364265662,0.0282321409917069
answer,pre_ans,24,0.9219494457908103,-0.0094714463256369,0.7692644691621798
x,pre_ans,24,0.6756307408891545,-0.006131791761439187,0.5645792958135831
c1x,pre_ans,24,0.8164375564024787,0.0012604508576490314,0.6642659665357522
y,pre_ans,24,0.8593536754836625,-0.005551393024182838,0.6969137607377762
c2y,pre_ans,24,0.9221173158890333,-0.005404235360748855,0.7672654753799147
answer~nonlin,pre_ans,24,0.3006977163905904,-0.007278814853768134,0.18245665459286065
x~nonlin,pre_ans,24,0.4112386781972315,-0.004517880924987061,0.3258512281684487
c1x~nonlin,pre_ans,24,0.19119228202125838,-0.005952971477455771,0.12968398012052806
y~nonlin,pre_ans,24,0.1275240084270851,-0.012867962136118516,0.07543825899814194
c2y~nonlin,pre_ans,24,0.30021844030415856,-0.009803207597847363,0.18106277239893032
answer,pre_ans,26,0.9203840994096605,-0.010274335169454085,0.7733519210162378
x,pre_ans,26,0.701597535969869,-0.005170520811616841,0.5639669175563551
c1x,pre_ans,26,0.8408569462409379,0.0034614948417188707,0.6478572527890631
y,pre_ans,26,0.8754775215776234,-0.0042823613745179845,0.7134711986977152
c2y,pre_ans,26,0.9206295553108762,-0.006381694399550941,0.7717500845908826
answer~nonlin,pre_ans,26,0.29286417428201994,-0.006707707381091277,0.214877603987209
x~nonlin,pre_ans,26,0.4387637795059799,-0.004088844657198942,0.33618409486519585
c1x~nonlin,pre_ans,26,0.18912137387439487,-0.009099488002447309,0.14210353698110645
y~nonlin,pre_ans,26,0.12985850154390255,-0.012191126815380704,0.09308113706893928
c2y~nonlin,pre_ans,26,0.2892390085205173,-0.008894507110821737,0.20334383239870957
answer,pre_ans,28,0.9127276817124075,-0.012150867172234348,0.7416882656589239
x,pre_ans,28,0.7073472088947074,-0.004340180474767585,0.5705848607149595
c1x,pre_ans,28,0.8363490291715797,0.0014060246475738891,0.6703775166835696
y,pre_ans,28,0.8804230147661589,-0.005006446867889647,0.719490104896958
c2y,pre_ans,28,0.9117487906344239,-0.004515768576622392,0.734271986749706
answer~nonlin,pre_ans,28,0.31613470174942404,-0.005441976231660428,0.15665542270404198
x~nonlin,pre_ans,28,0.43959144441786313,-0.003418327792065634,0.3522665096629761
c1x~nonlin,pre_ans,28,0.19609182960474558,-0.009808430023406922,0.09895110147989528
y~nonlin,pre_ans,28,0.1445516448664732,-0.010850996346088992,0.06643518752470057
c2y~nonlin,pre_ans,28,0.3146121034158046,-0.009773834643342028,0.13492505658730558
answer,val_ans,0,-0.001583305264358792,-0.010179120162397304,-0.0038109678137252523
x,val_ans,0,-0.006750740392777788,-0.014651363600330924,-0.0013243281509938143
c1x,val_ans,0,-0.0029287823458739037,-0.0025839411430375048,-0.001562274427664212
y,val_ans,0,-0.0018689540202756483,-0.021842352346173488,-0.0016783248626794922
c2y,val_ans,0,-0.0019084721404516447,-0.0041738721449327,-0.0038930434118262802
answer~nonlin,val_ans,0,-0.016879944493447763,-0.007457223186701389,-0.005903134615539152
x~nonlin,val_ans,0,-0.007328694590780227,-0.007172026722231717,-0.004612931860062064
c1x~nonlin,val_ans,0,-0.0064273685301283745,-0.006138378043034631,-0.0029917546619835367
y~nonlin,val_ans,0,-0.007274204342446744,-0.006067024034038582,-0.0021765918953495778
c2y~nonlin,val_ans,0,-0.01656541949394641,-0.00909910281459192,-0.005316031480780525
answer,val_ans,2,0.9915726066972682,-0.018992143803275185,0.9397709364197225
x,val_ans,2,0.6863777717092314,-0.019146320961100027,0.6715170653099316
c1x,val_ans,2,0.7993139024548686,-0.007658793289467392,0.7837604457981497
y,val_ans,2,0.8489882768111905,-0.014303850305510846,0.8244705585981613
c2y,val_ans,2,0.9887893652635449,-0.011080853542855706,0.9387316298400452
answer~nonlin,val_ans,2,0.3100422823845672,-0.011832688676952419,0.2301493115056844
x~nonlin,val_ans,2,0.4188542106162956,-0.005951917784974725,0.4162865240370013
c1x~nonlin,val_ans,2,0.18092400888953952,-0.006566314890722236,0.16361626930122475
y~nonlin,val_ans,2,0.11408751540420747,-0.015666255231665538,0.09315083545831548
c2y~nonlin,val_ans,2,0.32019840324725124,-0.016640466073124083,0.23778270048498285
answer,val_ans,4,0.990136081779043,-0.0198574527874249,0.9167201821840705
x,val_ans,4,0.6849530810684257,-0.01955758044494349,0.6192102895337395
c1x,val_ans,4,0.7995551451157445,-0.007224594706241705,0.7305187423405338
y,val_ans,4,0.8480158866194255,-0.013471331059570435,0.7843538396505962
c2y,val_ans,4,0.9822382011279989,-0.007107596315866438,0.9038032727868458
answer~nonlin,val_ans,4,0.3259478767894656,-0.013183461439586708,0.2626171861840121
x~nonlin,val_ans,4,0.4327178846013764,-0.0001339073548718428,0.38821131634207107
c1x~nonlin,val_ans,4,0.18341192552292251,-0.010178696910688734,0.15286228960450687
y~nonlin,val_ans,4,0.1283872234603992,-0.013976515815684376,0.10798057021763141
c2y~nonlin,val_ans,4,0.3389966307396076,-0.015317441356689665,0.2748066906752318
answer,val_ans,6,0.9778378432097412,-0.016341325575885968,0.8653228132302742
x,val_ans,6,0.7076154923564626,-0.014033259013261468,0.6221246117633091
c1x,val_ans,6,0.8059146762770609,-0.006554028224243114,0.7253383294423759
y,val_ans,6,0.8590909203271982,-0.013350114891368836,0.7673179004006133
c2y,val_ans,6,0.9708270412801993,-0.012560520974444156,0.8539313669710275
answer~nonlin,val_ans,6,0.3051382830750975,-0.01574962519206058,0.23758836411915096
x~nonlin,val_ans,6,0.4349813102343967,-0.0023602843160157594,0.3824305164747822
c1x~nonlin,val_ans,6,0.19898440021582953,-0.004864826727740468,0.15793036347550782
y~nonlin,val_ans,6,0.12406388347215858,-0.014225008369454173,0.11539714778152921
c2y~nonlin,val_ans,6,0.32054213719864943,-0.013418733536415983,0.2545392149386534
answer,val_ans,8,0.9745656223433248,-0.012670349258189662,0.8707207349059848
x,val_ans,8,0.7350957084009224,-0.01755238328128761,0.653254030907571
c1x,val_ans,8,0.8274747431758839,-0.006606019928617091,0.7380071652300284
y,val_ans,8,0.8715615559021813,-0.012032829722064209,0.780912254451652
c2y,val_ans,8,0.9722484797075773,-0.012482524434509035,0.8643992796911789
answer~nonlin,val_ans,8,0.2992834402587383,-0.011471935868761385,0.2117452398812124
x~nonlin,val_ans,8,0.46992369238867926,-0.002997731211186183,0.41484300616045944
c1x~nonlin,val_ans,8,0.18882140927422897,-0.00836500982587185,0.1716898280920094
y~nonlin,val_ans,8,0.12453859865797257,-0.019239859904920165,0.10247270388250218
c2y~nonlin,val_ans,8,0.3103546907942041,-0.01366776798664815,0.2311181634343744
answer,val_ans,10,0.9681238556382064,-0.013274601805493225,0.8401381489711259
x,val_ans,10,0.7719805322479381,-0.014414102604663803,0.6234087393956673
c1x,val_ans,10,0.8601692871138871,-0.003419584238813389,0.7053068387133431
y,val_ans,10,0.8915178986271265,-0.0057721089817268645,0.7479695806223762
c2y,val_ans,10,0.967337256683801,-0.006230868466074346,0.8383603533053579
answer~nonlin,val_ans,10,0.28393988355838784,-0.011876211145093851,0.20141423574015072
x~nonlin,val_ans,10,0.4946376833025735,-0.0009029408506673331,0.3795353816391852
c1x~nonlin,val_ans,10,0.18340816050527475,-0.007600179518178596,0.15118006843088416
y~nonlin,val_ans,10,0.1132773628121242,-0.020736939928715836,0.09034758864925352
c2y~nonlin,val_ans,10,0.2862200313566975,-0.018119259595888337,0.21229605469112978
answer,val_ans,12,0.9597009801363499,-0.012489262818177416,0.8200559139163216
x,val_ans,12,0.7883193991639077,-0.011574208939268082,0.6651086988491979
c1x,val_ans,12,0.8853361749803121,-0.0036276943783810633,0.7149889706935397
y,val_ans,12,0.9057628214181023,-0.003909869120739762,0.747632534549707
c2y,val_ans,12,0.9584355358741472,-0.0051333272454845424,0.8103822436917365
answer~nonlin,val_ans,12,0.2802761668741971,-0.006725163507129928,0.17467572939036435
x~nonlin,val_ans,12,0.5049266491529993,0.0031556939267610717,0.40581644641352177
c1x~nonlin,val_ans,12,0.20041225414300223,-0.007830322140379264,0.15170154996473906
y~nonlin,val_ans,12,0.11332961385615159,-0.018593728640710072,0.08388419287119075
c2y~nonlin,val_ans,12,0.2780909583966187,-0.017292887110123,0.18413931887223334
answer,val_ans,14,0.963461535782206,-0.01459033834734913,0.8605321001240472
x,val_ans,14,0.7846607263850721,-0.013375901119999645,0.688685901984607
c1x,val_ans,14,0.8941955783754947,-0.0011973724214395798,0.7646204465449893
y,val_ans,14,0.922043649029091,-0.011367420459243771,0.7900749441073698
c2y,val_ans,14,0.9619291070652407,-0.004528876621499256,0.857301502793536
answer~nonlin,val_ans,14,0.296711962558145,-0.00779673407295145,0.18000114030026915
x~nonlin,val_ans,14,0.5035525920776351,0.0005063486721592625,0.42728955070208696
c1x~nonlin,val_ans,14,0.20570127079651657,-0.008155546796132507,0.14717079791861365
y~nonlin,val_ans,14,0.12262024982793529,-0.018305382855472452,0.0923068435448876
c2y~nonlin,val_ans,14,0.29342204793504245,-0.014094150007009754,0.18824061522835067
answer,val_ans,16,0.944952389649673,-0.014540616076349266,0.819453610920319
x,val_ans,16,0.77289273759896,-0.011907127317719146,0.652031597562318
c1x,val_ans,16,0.8841646286943792,-0.0022299132034435676,0.731768033979032
y,val_ans,16,0.9236368514177116,-0.008781667865455534,0.764613753058129
c2y,val_ans,16,0.9443005973915524,-0.004786112268845288,0.8184624156700773
answer~nonlin,val_ans,16,0.2911641702580138,-0.009320351470941013,0.15784026372776805
x~nonlin,val_ans,16,0.4834921170315478,0.0025259860418368474,0.4101755986220025
c1x~nonlin,val_ans,16,0.2064660406646731,-0.007065638349295744,0.14730520590829976
y~nonlin,val_ans,16,0.1232379737670074,-0.016905658733164408,0.07264837815761416
c2y~nonlin,val_ans,16,0.28935889103000245,-0.012463028071541205,0.16608520937034232
answer,val_ans,18,0.9218185633033877,-0.017160093220322414,0.8034456964742844
x,val_ans,18,0.7589769563888253,-0.007750584840265473,0.6268281593045484
c1x,val_ans,18,0.8694921708008471,-0.0027332548196579154,0.7189238834899351
y,val_ans,18,0.9024813300223921,-0.009753934324058244,0.7657831877381516
c2y,val_ans,18,0.9212078177773164,-0.005636102891105832,0.7984016808069889
answer~nonlin,val_ans,18,0.22538210573345618,-0.008194446230306518,0.17708749645073052
x~nonlin,val_ans,18,0.45863327312309876,0.001329683307707219,0.3759534590104635
c1x~nonlin,val_ans,18,0.20076357565625436,-0.0021011443499039384,0.1511586549851116
y~nonlin,val_ans,18,0.11754524357510177,-0.012486059500059099,0.07028062570165416
c2y~nonlin,val_ans,18,0.2246194704525819,-0.010028054430087252,0.18299934245523886
answer,val_ans,20,0.9134155244578812,-0.015710968297669048,0.8078275993052154
x,val_ans,20,0.7549670762898554,-0.006056323445050138,0.6334169246803842
c1x,val_ans,20,0.8582525168009378,0.0009084313959168977,0.71446636287956
y,val_ans,20,0.8927545465200342,-0.00780547508023921,0.7768520035830867
c2y,val_ans,20,0.911585079629593,-0.0029713711889567396,0.8048445260625445
answer~nonlin,val_ans,20,0.1977603696600707,-0.010001016302873644,0.11269329111218063
x~nonlin,val_ans,20,0.46422184676646494,0.004179739165384944,0.4191690524193097
c1x~nonlin,val_ans,20,0.19589721707684116,-0.004072589968774798,0.12841077092224984
y~nonlin,val_ans,20,0.11383476118274305,-0.011594701522144923,0.0638122080283765
c2y~nonlin,val_ans,20,0.1962744013990546,-0.007892203072311865,0.12308718630805193
answer,val_ans,22,0.9388936348779673,-0.01705096012843943,0.753519731798654
x,val_ans,22,0.7737693482380237,-0.00469868650990013,0.6321303055487338
c1x,val_ans,22,0.8733894661477053,0.0005315110846323412,0.7054305121274418
y,val_ans,22,0.9004765138623713,-0.012531122036017361,0.7457568178518553
c2y,val_ans,22,0.9369996009595583,-0.004332693386439823,0.7474264641714538
answer~nonlin,val_ans,22,0.22592359506987292,-0.011663793657024968,0.10385302299892873
x~nonlin,val_ans,22,0.4752805601864416,0.0020668478377988686,0.39689894383817614
c1x~nonlin,val_ans,22,0.19076789179753573,-0.005262743125243219,0.12244125727556732
y~nonlin,val_ans,22,0.11311750803433018,-0.009984158504532381,0.07364982816545629
c2y~nonlin,val_ans,22,0.22461743554825986,-0.006681603434142813,0.1079773269844988
answer,val_ans,24,0.9199043078772169,-0.014844476984369415,0.773124791308391
x,val_ans,24,0.7367189851700122,-0.006475080674522404,0.6098982330964633
c1x,val_ans,24,0.8560931196204438,-0.0007184958320152202,0.7156751515278561
y,val_ans,24,0.896733906544299,-0.013871929895679536,0.7404137273900441
c2y,val_ans,24,0.9193390827446505,-0.005909524487907936,0.7721495209659086
answer~nonlin,val_ans,24,0.18283010499979657,-0.009247901764652289,0.08519205745785985
x~nonlin,val_ans,24,0.4557236653613326,0.0032394671855590085,0.37484916706997795
c1x~nonlin,val_ans,24,0.18296809791496227,-0.004839952266185277,0.09727573753082652
y~nonlin,val_ans,24,0.10042595048996561,-0.008771366334931585,0.0530916427756043
c2y~nonlin,val_ans,24,0.18672312795967094,-0.005739050342219443,0.09685255137749893
answer,val_ans,26,0.9091272973315191,-0.010065088895408136,0.6676004166722367
x,val_ans,26,0.737003243443346,-0.0070600371172999665,0.6011191651626094
c1x,val_ans,26,0.856597292948992,-0.0032423165078578897,0.6433566784740885
y,val_ans,26,0.8950059465950139,-0.013060564349702153,0.6645292987225551
c2y,val_ans,26,0.9096870613141447,-0.007262218031921952,0.6720948772631989
answer~nonlin,val_ans,26,0.19157743982807351,-0.008509643259959399,0.07214760617432991
x~nonlin,val_ans,26,0.44177010076367396,0.002490588027096674,0.3447902667162801
c1x~nonlin,val_ans,26,0.17672180987159936,-0.0035928902334838586,0.08725256550242733
y~nonlin,val_ans,26,0.1042044024087656,-0.00792234271268999,0.045824026022015074
c2y~nonlin,val_ans,26,0.19746137003803343,-0.005891292092322642,0.08707436248104139
answer,val_ans,28,0.8917966960475517,-0.009592749759738561,0.6816946198856662
x,val_ans,28,0.7295115938742853,-0.004037318990363525,0.5510841921348237
c1x,val_ans,28,0.8460397768486918,-0.001087345952855312,0.6196809543015486
y,val_ans,28,0.8844713286462081,-0.01268993080039893,0.6524758891642722
c2y,val_ans,28,0.8912138881262822,-0.007415959448804577,0.6853074644152932
answer~nonlin,val_ans,28,0.20341439247365833,-0.0025955463150948432,0.09537731998503107
x~nonlin,val_ans,28,0.44218375147361344,0.0028298591991572364,0.3094995416384667
c1x~nonlin,val_ans,28,0.17242032274119878,-0.0034612741266049074,0.10170018138425707
y~nonlin,val_ans,28,0.10221595654104476,-0.0069079687079671714,0.061122022579130575
c2y~nonlin,val_ans,28,0.21243866777456943,-0.005845984481393174,0.10719923032169532
