target,position,layer,r2,r2_shuffled,r2_random
answer,pre_x,0,-0.0016542967647359408,-0.0032845496431888055,-0.0016542928735736595
x,pre_x,0,-0.00047397201781618215,-0.0034380184342259756,-0.0004739745828552522
c1x,pre_x,0,-0.001176930607882154,-0.0013405293541759455,-0.0011769299131223487
y,pre_x,0,-0.0010711810827757073,-0.002816249698053497,-0.0010711815950048553
c2y,pre_x,0,-0.0018287939846797219,-0.003188638667741772,-0.0018287922185469263
answer~nonlin,pre_x,0,-0.0024158517099683863,-0.0013818710132627032,-0.002415851727610052
x~nonlin,pre_x,0,-0.0009376203415001338,-0.0006329593933518396,-0.0009376205808977467
c1x~nonlin,pre_x,0,-0.0025018779724848006,-0.002459775324986646,-0.0025018779527428148
y~nonlin,pre_x,0,-0.0018619297882844776,-0.000882635107266827,-0.0018619298010493779
c2y~nonlin,pre_x,0,-0.002308918077617239,-0.0016795428175129246,-0.002308918142668759
answer,pre_x,2,-0.00565693696879932,-0.005944418595551948,-0.009449111221912165
x,pre_x,2,0.006547828315888071,-0.0010889804029239336,0.003122181999398288
c1x,pre_x,2,0.002810506861087858,-0.0043984730427768515,0.0012319518018165665
y,pre_x,2,-0.0023624292276691605,-0.0020683338376721316,-0.00385352055542465
c2y,pre_x,2,-0.004971961983777362,-0.004737412975347022,-0.008180177843783776
answer~nonlin,pre_x,2,-0.0037101099718925834,-0.003811608424735935,-0.002445528356488147
x~nonlin,pre_x,2,0.006575837513572935,-0.0032459810958545,0.0009999863792317099
c1x~nonlin,pre_x,2,-0.009614890992594827,-0.015043772066291261,-0.0028054149657288363
y~nonlin,pre_x,2,-0.011021252494605394,-0.005794971953463346,-0.0057105851463947754
c2y~nonlin,pre_x,2,-0.0017633311268205887,-0.0003417097872824293,-0.0022923248820339026
answer,pre_x,4,-0.004863832131853485,-0.0035429786458913703,-0.004925329463830508
x,pre_x,4,0.005422260080975794,-0.0005935534842171908,0.0018460408233119674
c1x,pre_x,4,0.002939451981614827,-0.002941265216011457,0.003369972817114153
y,pre_x,4,-0.0013193009999494798,0.0013761633114219851,-0.0005659592329296803
c2y,pre_x,4,-0.003762623167217871,-0.0048958945264101494,-0.003098355313804646
answer~nonlin,pre_x,4,-0.006390227254275516,-0.0062882761264762,-0.0025466953117443403
x~nonlin,pre_x,4,0.0008871345770197214,-0.002676388869181423,-0.00576643874941607
c1x~nonlin,pre_x,4,-0.00890653859532975,-0.016336894281512526,-0.0030838163441571087
y~nonlin,pre_x,4,-0.009693898656187416,-0.011064653774852884,-0.002351167056959369
c2y~nonlin,pre_x,4,-0.003788592758517284,-0.0006283252892145264,-0.002463004859353024
answer,pre_x,6,0.08653289576183643,-0.005023354304090288,0.04400927463729354
x,pre_x,6,0.19937911368001593,-0.0033731538700814134,0.11338074321477265
c1x,pre_x,6,0.15719431590682775,-0.0025633494531556167,0.08468696584086954
y,pre_x,6,0.14334452145806165,-0.0030371667902271415,0.07775667486749172
c2y,pre_x,6,0.08834229367090596,-0.00880094164413947,0.04295118518920349
answer~nonlin,pre_x,6,-0.0029673081261110124,-0.006441323475039562,-0.0029679825415847017
x~nonlin,pre_x,6,0.07087938254137205,0.001270966085778702,0.0031119523122661308
c1x~nonlin,pre_x,6,-0.002980467099030548,-0.007192904342145479,-0.0058139944649728825
y~nonlin,pre_x,6,-0.0051597195300430165,-0.009959112350673927,-0.002504573100500229
c2y~nonlin,pre_x,6,-0.0007885091048134285,0.0021256463467366205,-0.0029857184441626217
answer,pre_x,8,0.07083960343005047,-0.005780726935603386,0.014227121761304251
x,pre_x,8,0.16138147532794134,-0.00011944021391507853,0.06252884575675388
c1x,pre_x,8,0.12849949175191067,-0.004568164359204818,0.044394197622037224
y,pre_x,8,0.11542125343328302,-0.004369732102311286,0.03440721817854209
c2y,pre_x,8,0.07264443366929785,-0.014119898306671708,0.01832022649811116
answer~nonlin,pre_x,8,0.0012852640835171458,-0.005833655444426711,-0.002413118216519017
x~nonlin,pre_x,8,0.048279208885778635,0.005310251783841591,0.018463282723589214
c1x~nonlin,pre_x,8,-0.0021536003279052363,0.0004357273293236208,-0.005186068638129093
y~nonlin,pre_x,8,-0.0023522024813036335,-0.013436405951002373,-0.003918138879908328
c2y~nonlin,pre_x,8,0.0021180005136255398,0.002831431976480614,-0.0015792525720399464
answer,pre_x,10,0.02605683912363088,-0.008898564169231404,0.01915336539395751
x,pre_x,10,0.03572373842473464,-0.002789080430502633,0.07146610010613541
c1x,pre_x,10,0.02644398929623626,-0.0005481118357320014,0.028691456740914223
y,pre_x,10,0.03551533657114758,-0.008885485861840348,0.04232146522209268
c2y,pre_x,10,0.02489295379771428,-0.016003671930045815,0.022753399925301787
answer~nonlin,pre_x,10,-0.0009904984582354004,-0.012203592120431317,0.00424902708708963
x~nonlin,pre_x,10,0.027101959563867628,0.0029336505042331096,0.04852193754830081
c1x~nonlin,pre_x,10,-0.005269494604120961,-0.0012463124740940135,2.7180203141519144e-05
y~nonlin,pre_x,10,-0.004906186748418584,-0.004608684095818827,-0.00601643501991922
c2y~nonlin,pre_x,10,-0.001206031997000867,0.006462356394861368,0.0062507463987936385
answer,pre_x,12,0.08112736452836544,-0.010738975474536172,0.049676242241561974
x,pre_x,12,0.12846947038803658,0.002204846404609273,0.11191477249361392
c1x,pre_x,12,0.08264236165970962,-0.002658886048966469,0.08051078596737982
y,pre_x,12,0.0900654803571207,-0.00985377469783666,0.07763044677887154
c2y,pre_x,12,0.08430928326385811,-0.015050996208698875,0.053364896601803435
answer~nonlin,pre_x,12,-0.001893982978828923,-0.012066817787930617,-0.009548734179494867
x~nonlin,pre_x,12,0.1053109885095661,0.0010599680498620812,0.042700883910759435
c1x~nonlin,pre_x,12,-0.0022470892547026278,-0.0003896417317774681,-0.003591668443370777
y~nonlin,pre_x,12,-0.005449874579324998,-0.0015825194063083803,-0.0065347738102654596
c2y~nonlin,pre_x,12,-0.0017685440618959714,0.004916416063147966,-0.0060308687578820575
answer,pre_x,14,0.23772336305686104,-0.004897872633805589,0.09158618581948508
x,pre_x,14,0.4104925130430548,0.0003338567820716509,0.20257347456796793
c1x,pre_x,14,0.3252296142165595,-0.00714026963557024,0.15018933243746857
y,pre_x,14,0.2814534490818589,-0.011877068499731136,0.14192485073990957
c2y,pre_x,14,0.2288640204721245,-0.009937514301378014,0.09370469582673191
answer~nonlin,pre_x,14,-0.0065545599072165395,-0.0117865585988981,-0.004244406678330259
x~nonlin,pre_x,14,0.36323265135594507,-0.0025999514636252385,0.14474899214303882
c1x~nonlin,pre_x,14,0.0003961481319556537,-0.007405522570637757,-0.002229536280374589
y~nonlin,pre_x,14,0.0004211628182996252,-0.004625829532698411,-0.004081181433295278
c2y~nonlin,pre_x,14,-0.006944576046269191,0.004809586252067954,-0.00215760588035363
answer,pre_x,16,0.4236616860759894,-0.005308690255557469,0.1687807549204654
x,pre_x,16,0.6209618790934273,-0.0005856460002284791,0.3098534669670031
c1x,pre_x,16,0.5247533612295399,-0.007477162278599625,0.2340817530931537
y,pre_x,16,0.4884576059411152,-0.006932991013645529,0.2154807331655627
c2y,pre_x,16,0.4215410855155096,-0.008919254513665154,0.16228474040722918
answer~nonlin,pre_x,16,-0.0013874908109658968,-0.009890227599888446,-0.003928480226969011
x~nonlin,pre_x,16,0.4667995431642794,-0.00198002238847117,0.25049134437066845
c1x~nonlin,pre_x,16,-0.0020291743654115013,-0.005261679370093031,-0.004722503706881875
y~nonlin,pre_x,16,-0.0026001106058111123,-0.0035326243165789695,-0.0055403077415168145
c2y~nonlin,pre_x,16,-0.001358885387764186,0.002504221550313046,-0.00487501378502575
answer,pre_x,18,0.40403037557854415,-0.005429628711102197,0.16666699515545425
x,pre_x,18,0.6492139597912301,-0.0009851435239405237,0.3172743684817364
c1x,pre_x,18,0.5498747251931805,-0.0063914712128512186,0.26529592301774585
y,pre_x,18,0.5060356600470324,-0.008050268000243666,0.23100774507460886
c2y,pre_x,18,0.40258795789505986,-0.007395027168298984,0.1669221251092068
answer~nonlin,pre_x,18,0.0014613021588012476,-0.00783628152705318,0.004757252567037185
x~nonlin,pre_x,18,0.5980039757838314,0.0005714967944587812,0.24687157420936923
c1x~nonlin,pre_x,18,-0.002979016545829438,-0.006129083797274948,-0.01012263441083494
y~nonlin,pre_x,18,0.0016584353843637212,-0.006809565791149996,0.001959402635036578
c2y~nonlin,pre_x,18,0.00035322597219600294,-0.0013666733518176155,-0.0014477068198499587
answer,pre_x,20,0.519963966488979,-0.0025092484253115277,0.35322090980219933
x,pre_x,20,0.7845561905138005,-0.008691516540443534,0.5802791668435874
c1x,pre_x,20,0.6675882337825814,-0.008543865452263377,0.49627767905009934
y,pre_x,20,0.6469195484478837,-0.00447472583992381,0.4722665113463954
c2y,pre_x,20,0.5243013805424528,-0.010920231946920378,0.357502674399946
answer~nonlin,pre_x,20,0.0028261673396837717,-0.0107633851877047,-0.005298730875260782
x~nonlin,pre_x,20,0.727643315274966,0.00505803510954117,0.6090191486533101
c1x~nonlin,pre_x,20,-0.004812308271768595,-0.0068885088832646435,-0.0026668830347875705
y~nonlin,pre_x,20,-0.005840919643458342,-0.01441395354515751,-0.006231115802348919
c2y~nonlin,pre_x,20,0.002765676283968954,-0.002794372695881675,-0.005290472862469864
answer,pre_x,22,0.5916132375459426,-0.002779280787845728,0.42241470749576826
x,pre_x,22,0.8107361908752728,-0.008233036115079972,0.6558281686118319
c1x,pre_x,22,0.7305156773811361,-0.008323611888085614,0.5501782496619609
y,pre_x,22,0.7179369654093395,-0.0029831823977881644,0.5129358271601658
c2y,pre_x,22,0.5952812863224891,-0.012793062819146606,0.4244943141803138
answer~nonlin,pre_x,22,0.008515987218059795,-0.00965677264979381,0.0016628972854487722
x~nonlin,pre_x,22,0.720770053607519,0.003940374026785487,0.5856092780531756
c1x~nonlin,pre_x,22,-0.0030137263918832424,-0.005548908760675264,-0.002682230717499179
y~nonlin,pre_x,22,0.001838871963280253,-0.016887503450036867,-0.0037999563359214505
c2y~nonlin,pre_x,22,0.008874229439274184,-0.007671569972647951,0.00045569678876622444
answer,pre_x,24,0.6854416595838335,-0.005416453158917811,0.5427531674940979
x,pre_x,24,0.9613051218729968,-0.004337343607276667,0.8344643351549239
c1x,pre_x,24,0.8461449028837987,-0.01052793015105613,0.715046466045328
y,pre_x,24,0.8194750404031856,0.0022423125379972264,0.6645353992114661
c2y,pre_x,24,0.6879117375149915,-0.014533492727329511,0.5469928113997116
answer~nonlin,pre_x,24,-0.0014482309239574054,-0.009220909780810915,-0.0024092253323404478
x~nonlin,pre_x,24,0.7435599600340074,0.004409664428625337,0.6478273455381677
c1x~nonlin,pre_x,24,-0.008982278917186504,-0.010899430481305039,-0.002634417761280927
y~nonlin,pre_x,24,-0.002418741772959754,-0.014372295247620182,-0.0020185729122386142
c2y~nonlin,pre_x,24,-0.000531100735734702,-0.005325086308099802,-0.002246343896276315
answer,pre_x,26,0.6926919078438727,-0.009757652707090836,0.568783632290853
x,pre_x,26,0.966692793676529,-0.01364454631641765,0.8753262662011597
c1x,pre_x,26,0.8553410357693882,-0.009001337838168144,0.736668534924919
y,pre_x,26,0.8175381443209063,-0.0052137476371116875,0.6898320484899584
c2y,pre_x,26,0.6964598298666224,-0.01650266982078219,0.5696873107573412
answer~nonlin,pre_x,26,-0.0026475371528953406,-0.008798208811411579,-0.003122988566842011
x~nonlin,pre_x,26,0.7352316483623955,0.003592119690957518,0.6473728246739384
c1x~nonlin,pre_x,26,-0.0034167936922706588,-0.011154303302642887,-0.004280837565605822
y~nonlin,pre_x,26,0.0024929389214860542,-0.011376163929256666,-0.004057657443310658
c2y~nonlin,pre_x,26,-0.002086824133946452,-0.0038341102652390546,-0.0029734126389835414
answer,pre_x,28,0.6328344666212549,-0.009901019322189786,0.4614829638935106
x,pre_x,28,0.9547494081199813,-0.00031455318968465207,0.7604454272899045
c1x,pre_x,28,0.8200185467443808,-0.0037995801702139786,0.6279310188441534
y,pre_x,28,0.770343461011969,0.0039112362265044665,0.584861054211739
c2y,pre_x,28,0.634496285386523,-0.01188829379344658,0.46405513011268285
answer~nonlin,pre_x,28,-0.002521026706396201,-0.0044344780925291705,0.0007960726692884945
x~nonlin,pre_x,28,0.6709069600284732,0.002027249448101065,0.49508200997940277
c1x~nonlin,pre_x,28,-0.00525512609583112,-0.008443838030588902,0.0011831503149308809
y~nonlin,pre_x,28,0.00038592317488383987,-0.011351947362356896,0.002192435528095782
c2y~nonlin,pre_x,28,-0.0033431083095905034,0.002745727717753721,-3.417219005008576e-05
answer,val_x,0,-0.007263269096337455,-0.009535310144904496,-0.0022589267073644947
x,val_x,0,-0.0057112699417603,-0.014103698002858378,-0.002356591525254137
c1x,val_x,0,-0.005418173656173142,-0.014396542896497166,-0.00338122271333563
y,val_x,0,-0.00559355225935354,0.0026991802241361773,-0.0025852153230749852
c2y,val_x,0,-0.007845734892113265,-0.005813180664390849,-0.00248096375647755
answer~nonlin,val_x,0,-0.010141915735005558,-0.014000860039424357,-0.0051886155132394585
x~nonlin,val_x,0,-0.008621165081886373,0.0015845529083764465,-0.001445287565387643
c1x~nonlin,val_x,0,-0.00797029439697683,-0.003312692635428549,-0.004721547829588113
y~nonlin,val_x,0,-0.005858060781186225,-0.008823096082987592,-0.006936929647518353
c2y~nonlin,val_x,0,-0.009599695186396806,-0.009064838799240249,-0.004950137516893216
answer,val_x,2,0.5992589966286215,-0.005492839185080367,0.5866070748420853
x,val_x,2,0.9995928456244598,-0.012369007161457057,0.9929986921371964
c1x,val_x,2,0.8013479575853693,-0.021619842481504614,0.794234467215949
y,val_x,2,0.7479198815036587,0.004846275343214579,0.7367299254650599
c2y,val_x,2,0.6012233286128195,-0.012195846220341755,0.5880716753299247
answer~nonlin,val_x,2,-0.0201036264615575,-0.019169040539811277,-0.002760946279972698
x~nonlin,val_x,2,0.45263069471634654,0.0031958298050038803,0.4396129491284426
c1x~nonlin,val_x,2,-0.009537269205144083,-0.011685292458125662,-0.002526673731430895
y~nonlin,val_x,2,-0.007463610690690459,-0.006620569274391919,-0.0036645985208816345
c2y~nonlin,val_x,2,-0.019111132625700966,-0.013940238163210106,-0.002585667362459132
answer,val_x,4,0.5969515676185779,-0.006062590006290058,0.5673346940461703
x,val_x,4,0.9987264657539766,-0.007347430214284412,0.9713480792971815
c1x,val_x,4,0.7994550587593782,-0.018008681391734616,0.769333710206373
y,val_x,4,0.744782309832321,0.004223596792501838,0.7184636913696446
c2y,val_x,4,0.6001965545643133,-0.009567712831088482,0.5692779893601168
answer~nonlin,val_x,4,-0.019852016120001093,-0.015453430522057499,-0.003526281849483226
x~nonlin,val_x,4,0.49216819745041196,0.0046378504212414295,0.47166908832606436
c1x~nonlin,val_x,4,-0.0073329550134062504,-0.011643470950352786,-0.0023939488124389285
y~nonlin,val_x,4,-0.007039359322142946,-0.008278451527512276,-0.005804829603508033
c2y~nonlin,val_x,4,-0.0189285136594064,-0.0037887605161175397,-0.003285924745608293
answer,val_x,6,0.597069646749951,-0.0061924009571689975,0.5625681745165665
x,val_x,6,0.9976343889674811,-0.009785031673943623,0.9489282321283807
c1x,val_x,6,0.7979756003185143,-0.017130012133538264,0.7524435837033936
y,val_x,6,0.7467712419550006,0.0008354635935634569,0.7033750658131952
c2y,val_x,6,0.5997961365751254,-0.005586261780376578,0.566386937761841
answer~nonlin,val_x,6,-0.016664212269897893,-0.01142554867782608,-0.003402765333987423
x~nonlin,val_x,6,0.6239135208666443,0.0008475183219468496,0.5296626495996309
c1x~nonlin,val_x,6,-0.008776334778038075,-0.007310231018958335,-0.002488037294481993
y~nonlin,val_x,6,-0.007943431696324499,-0.007344304800503965,-0.0032038614685827582
c2y~nonlin,val_x,6,-0.016725650229024724,-0.010877349693478644,-0.003149075459713213
answer,val_x,8,0.5973977915053965,-0.008005898717224902,0.5727485633190339
x,val_x,8,0.9957433356327913,-0.010335115042059861,0.971033021669565
c1x,val_x,8,0.7951623897206976,-0.016065410120424284,0.7702287830682667
y,val_x,8,0.7465080546762777,0.00025329420900832567,0.719122866637008
c2y,val_x,8,0.5999160801401012,-0.008505813469485979,0.5769327009926701
answer~nonlin,val_x,8,-0.02192370385198683,-0.011915429326077254,-0.0031139281575360833
x~nonlin,val_x,8,0.7180726944094635,-0.0003972587342047085,0.581236903414527
c1x~nonlin,val_x,8,-0.008022916582192341,-0.007004872786139149,-0.002658462775370296
y~nonlin,val_x,8,-0.006621041105317804,-0.008380270321116434,-0.003467500653517419
c2y~nonlin,val_x,8,-0.021599274642118305,-0.01346315572655743,-0.0029513905965581344
answer,val_x,10,0.6007468511942298,-0.0011836884623479538,0.5580464243296496
x,val_x,10,0.9922407664526951,-0.012986077220293435,0.9510554146114449
c1x,val_x,10,0.7918245127235775,-0.01205699629475232,0.7501896408231878
y,val_x,10,0.7446449900702401,0.0003006538773357992,0.7043377754935902
c2y,val_x,10,0.5991842297162449,-0.00851005485305456,0.5606206221322624
answer~nonlin,val_x,10,-0.020050279035466634,-0.006217034954506762,-0.003090861451919835
x~nonlin,val_x,10,0.7867557242640253,0.0010770758499467625,0.6485081942390164
c1x~nonlin,val_x,10,-0.010040917488314482,-0.0058032615345058325,-0.002536135781150861
y~nonlin,val_x,10,-0.00807185883348116,-0.008431860139906266,-0.0029421693450566444
c2y~nonlin,val_x,10,-0.020543543811707865,-0.005012813159364304,-0.0029242717653499284
answer,val_x,12,0.5964129819310773,-0.004361649732712802,0.5675978191951978
x,val_x,12,0.9895621360282784,-0.00979907151778403,0.9585805940782253
c1x,val_x,12,0.7867745842519882,-0.010028412172469858,0.7567498342485047
y,val_x,12,0.7378774861137314,-0.005497372932178779,0.7117604722628661
c2y,val_x,12,0.5943256726392616,-0.011327221801218146,0.569492503306955
answer~nonlin,val_x,12,-0.019047329684724668,-0.007522158200957696,-0.0038017768250666606
x~nonlin,val_x,12,0.7691124174318812,0.003045332695253311,0.6377318339141516
c1x~nonlin,val_x,12,-0.010537051003031817,-0.004735759341507384,-0.003229082938821737
y~nonlin,val_x,12,-0.01289879605867994,-0.0048557606670545095,-0.003018786698447906
c2y~nonlin,val_x,12,-0.01962217460113247,-0.004933446120961804,-0.005434929902833785
answer,val_x,14,0.597680019341006,-0.0036935830715953966,0.5729627839949162
x,val_x,14,0.9874373961996833,-0.012606474881393215,0.9546241176149738
c1x,val_x,14,0.7885912431371649,-0.012269995617511187,0.7614483992449228
y,val_x,14,0.7380470552697677,-0.00474525004298898,0.7129954867732322
c2y,val_x,14,0.5936636878950861,-0.010713592902952263,0.5742486182294002
answer~nonlin,val_x,14,-0.017526133091625873,-0.007929359681788872,-0.0031488679319449098
x~nonlin,val_x,14,0.7637445283801854,0.004431112819154759,0.6146733360995252
c1x~nonlin,val_x,14,-0.008036087495628452,-0.005570888413018116,-0.003831073548535402
y~nonlin,val_x,14,-0.007653108826911836,-0.005584173873936837,-0.002254844852526805
c2y~nonlin,val_x,14,-0.017491974296384605,-0.0019205672217232905,-0.002968077343994624
answer,val_x,16,0.6161436739482129,-0.004459570974964855,0.5935216495571352
x,val_x,16,0.9810365137024328,-0.010058389306646376,0.9308554543230104
c1x,val_x,16,0.7945247028897306,-0.015214308833821244,0.7623502567482545
y,val_x,16,0.7439930732622455,-0.0013588543445146595,0.715041940291403
c2y,val_x,16,0.6169195339664542,-0.011913230136499253,0.5967998672472424
answer~nonlin,val_x,16,-0.012311440269388907,-0.01404625957422767,-0.003398353402847887
x~nonlin,val_x,16,0.7660304086539695,0.0005738489967292981,0.6102490794797828
c1x~nonlin,val_x,16,-0.006342139842133054,-0.006486469731147526,-0.003888916828934441
y~nonlin,val_x,16,-0.005783771631789225,-0.008347747392866367,-0.002281016367532418
c2y~nonlin,val_x,16,-0.01135732750156171,-0.002814031176282983,-0.004561856061533698
answer,val_x,18,0.6239390838283602,-0.007922997221512462,0.5908428694747718
x,val_x,18,0.968566656685873,-0.011382337102115558,0.91045756848628
c1x,val_x,18,0.8152427027350018,-0.012854300427958654,0.754883754663742
y,val_x,18,0.7650780669378017,-0.0030254911006850627,0.7149861382014318
c2y,val_x,18,0.6269182898356522,-0.011808233423309611,0.5948368805583928
answer~nonlin,val_x,18,-0.0070560881076129345,-0.011676869407120316,-0.002776871611436915
x~nonlin,val_x,18,0.7409484042546992,0.004292933690558831,0.6174486446904819
c1x~nonlin,val_x,18,-0.005324815558731544,-0.007798541487252564,-0.0038950224614413553
y~nonlin,val_x,18,-0.0019922441072479646,-0.009283884533037634,-0.0038661788131002517
c2y~nonlin,val_x,18,-0.005791400030061844,-0.0034589959506956536,-0.002917291051596882
answer,val_x,20,0.6537105827536092,-0.0051117965505240726,0.5855310052960088
x,val_x,20,0.9602479354827697,-0.011701734392347118,0.8962865181736703
c1x,val_x,20,0.8156525075140877,-0.013625649140585727,0.7562623032538044
y,val_x,20,0.7987334230051305,-0.001609876442573821,0.7177398062328103
c2y,val_x,20,0.6573192131350029,-0.008146789509758001,0.5914785076193942
answer~nonlin,val_x,20,-0.006109144315693982,-0.013967812363427035,-0.002899797879016397
x~nonlin,val_x,20,0.7327421578090799,0.0045246398886701344,0.626291629451957
c1x~nonlin,val_x,20,-0.003259403513172332,-0.00830642106031787,-0.004724433385171922
y~nonlin,val_x,20,-0.0008841786670559237,-0.003915598537359122,-0.005847231648418605
c2y~nonlin,val_x,20,-0.004614919091776137,-0.009206284691698707,-0.002784739359993127
answer,val_x,22,0.6437238189205929,-0.003015120027365814,0.5956453830305701
x,val_x,22,0.9844369593485279,-0.005385038875133308,0.9365781254055292
c1x,val_x,22,0.8118021016640626,-0.019202768269929837,0.7887573437109054
y,val_x,22,0.7792691909202771,-0.0023886868964344554,0.7286251498608224
c2y,val_x,22,0.6445800954181036,-0.007042246740662783,0.5992875872086312
answer~nonlin,val_x,22,-0.006809983074989923,-0.014686673755731405,-0.003017184390682992
x~nonlin,val_x,22,0.7111776137119092,0.007398026220628573,0.6300241455315512
c1x~nonlin,val_x,22,0.00035464772325888294,-0.008827652515221551,-0.0033055743040817376
y~nonlin,val_x,22,-0.0007212598176888907,-0.006366946851464661,-0.0037841353505947417
c2y~nonlin,val_x,22,-0.005179638063253833,-0.006237661939158867,-0.002847078699198091
answer,val_x,24,0.642496194544883,-0.005951938887546193,0.5781415985018012
x,val_x,24,0.978225485495815,-0.00614603543424197,0.8920552355008271
c1x,val_x,24,0.8035247863271662,-0.01465499820134708,0.7476445243984804
y,val_x,24,0.775335299662969,0.0010116791775375278,0.698005378310745
c2y,val_x,24,0.644132204773155,-0.009435768737499073,0.5807473584665697
answer~nonlin,val_x,24,-0.008715081579734774,-0.011921885298625812,-0.00290189851181899
x~nonlin,val_x,24,0.6939495830087823,0.00795355716627033,0.5851786565106472
c1x~nonlin,val_x,24,0.0016431010835016302,-0.008997037855224876,-0.003429198865621652
y~nonlin,val_x,24,-0.0017685015138617644,-0.008614913137172664,-0.004969811645556765
c2y~nonlin,val_x,24,-0.006209036374530408,-0.006262578305746169,-0.002724068272232927
answer,val_x,26,0.5991525142954612,-0.004142950231840414,0.4624533433194534
x,val_x,26,0.9631239220608259,-0.0025425051456797743,0.7717194647400535
c1x,val_x,26,0.7802584326318963,-0.011838489788656537,0.6213180777211295
y,val_x,26,0.7342746162162854,-0.0018389825545039873,0.5778503119740033
c2y,val_x,26,0.6021232238200775,-0.004606781801137494,0.4665109720666639
answer~nonlin,val_x,26,-0.006185064306751364,-0.012172634098696289,-0.003610847697884667
x~nonlin,val_x,26,0.6368833114059975,0.006779290916427927,0.46853582841238084
c1x~nonlin,val_x,26,0.001498339570996876,-0.010869463722130046,-0.0036339865358323564
y~nonlin,val_x,26,-0.0011744265491606676,-0.009933467562751153,-0.002660678516209769
c2y~nonlin,val_x,26,-0.0039185648633659476,0.0007856499597206357,-0.005925394031846221
answer,val_x,28,0.5672102415000515,-0.0036813761127223454,0.2823706575784567
x,val_x,28,0.9298411030394494,-0.003152333091268389,0.530721432648376
c1x,val_x,28,0.7431210969505636,-0.013670459467854501,0.40328249002495664
y,val_x,28,0.7012315107636844,0.004458110265421089,0.3883473509010288
c2y,val_x,28,0.5681594272647441,-0.004516199664968079,0.28896809159050496
answer~nonlin,val_x,28,-0.005007862185521406,-0.00806606267634935,-0.008935345502337988
x~nonlin,val_x,28,0.5950255336360301,0.007458468640853533,0.31758758968372214
c1x~nonlin,val_x,28,-0.0014860815843038555,-0.009986832648986255,-0.004393566303160679
y~nonlin,val_x,28,-0.004972584483508902,-0.008176004851065288,-0.003731929347928986
c2y~nonlin,val_x,28,-0.003636620683969527,0.006330583349342889,-0.007535127625673876
answer,pre_c1x,0,-0.0016542967647359408,-0.0032845496431888055,-0.0016542928735736595
x,pre_c1x,0,-0.00047397201781618215,-0.0034380184342259756,-0.0004739745828552522
c1x,pre_c1x,0,-0.001176930607882154,-0.0013405293541759455,-0.0011769299131223487
y,pre_c1x,0,-0.0010711810827757073,-0.002816249698053497,-0.0010711815950048553
c2y,pre_c1x,0,-0.0018287939846797219,-0.003188638667741772,-0.0018287922185469263
answer~nonlin,pre_c1x,0,-0.0024158517099683863,-0.0013818710132627032,-0.002415851727610052
x~nonlin,pre_c1x,0,-0.0009376203415001338,-0.0006329593933518396,-0.0009376205808977467
c1x~nonlin,pre_c1x,0,-0.0025018779724848006,-0.002459775324986646,-0.0025018779527428148
y~nonlin,pre_c1x,0,-0.0018619297882844776,-0.000882635107266827,-0.0018619298010493779
c2y~nonlin,pre_c1x,0,-0.002308918077617239,-0.0016795428175129246,-0.002308918142668759
answer,pre_c1x,2,0.10736842421862025,-0.010128456022433063,0.038071193267499526
x,pre_c1x,2,-0.0022185743303202443,-0.006973866351297264,-0.000964425951353709
c1x,pre_c1x,2,0.05025453942814151,-0.006595791710687582,0.0057054540683870725
y,pre_c1x,2,0.0947241741512651,-0.0012354604379389844,0.03765542140527456
c2y,pre_c1x,2,0.10881188289058807,-0.007840028678135491,0.03438926619112814
answer~nonlin,pre_c1x,2,0.05046464493038472,-0.006862362319850046,0.018912598545605896
x~nonlin,pre_c1x,2,0.006522073323534938,-0.001845871104862784,-0.002680584920441209
c1x~nonlin,pre_c1x,2,-0.013221304224659836,-0.013801020632417949,-0.0032449226554256416
y~nonlin,pre_c1x,2,0.14208806856222012,-0.0038892617640942095,0.07048354212158336
c2y~nonlin,pre_c1x,2,0.04842487031474463,0.0015908555654639,0.015986352252945202
answer,pre_c1x,4,0.5568868146654673,-0.011548628305453112,0.37436713694207147
x,pre_c1x,4,0.661140745913881,-0.007855326441313482,0.4602173120924795
c1x,pre_c1x,4,0.6757354014308297,-0.0036260079343037876,0.47217821106060665
y,pre_c1x,4,0.6845664584772796,-0.0010674534093317867,0.4809923022438676
c2y,pre_c1x,4,0.5618074497787408,-0.0071863061236359105,0.37132464730567427
answer~nonlin,pre_c1x,4,0.04524517134414541,-0.0031475363382362787,0.009224540639956591
x~nonlin,pre_c1x,4,0.16376317254392825,0.0018421109121773416,0.0966071303954602
c1x~nonlin,pre_c1x,4,-0.00393444753986949,-0.01815824521923215,-0.0045863701696795545
y~nonlin,pre_c1x,4,0.14513734645047738,-0.00142358914337537,0.06370476580370754
c2y~nonlin,pre_c1x,4,0.0418259062271249,0.005320696292554716,0.010588433923364837
answer,pre_c1x,6,0.5271971818020871,-0.01316593657933196,0.17039022756312616
x,pre_c1x,6,0.6057398465681276,-0.006876792134470344,0.2368612483802668
c1x,pre_c1x,6,0.6486731994654693,-0.0029099738923803464,0.24543249822298396
y,pre_c1x,6,0.649000994413486,-0.00011068515403356294,0.25970762126384406
c2y,pre_c1x,6,0.5281573540507796,-0.0082910086370247,0.1713785655733956
answer~nonlin,pre_c1x,6,0.029445025213559406,-0.002085406587573946,-0.0008672208057589614
x~nonlin,pre_c1x,6,0.1683028834721525,0.0011317161026637157,0.07218711956367618
c1x~nonlin,pre_c1x,6,-0.004168652492546832,-0.013579171262838807,-0.008085757077207933
y~nonlin,pre_c1x,6,0.11224748094068637,-0.005195396760432569,0.05100667581025975
c2y~nonlin,pre_c1x,6,0.03686211705348341,0.005512057883216515,-0.0017867916947378326
answer,pre_c1x,8,0.5994888970033305,-0.00864187362408586,0.31488164442928523
x,pre_c1x,8,0.6706151909209384,-0.008996606598062673,0.2800423581190139
c1x,pre_c1x,8,0.6994045854417592,-0.0036163640258883856,0.3242885928047373
y,pre_c1x,8,0.7063633150284878,-0.002622882806412541,0.34758058374403167
c2y,pre_c1x,8,0.6003312347655199,-0.011289122038859345,0.309616904485315
answer~nonlin,pre_c1x,8,0.07218625832667935,-0.002449430776922057,-0.00361477945464328
x~nonlin,pre_c1x,8,0.21816578684633947,-0.0009085991875033006,0.08198156874669527
c1x~nonlin,pre_c1x,8,-0.003449763943752293,-0.010551313033347665,-0.004307135114546279
y~nonlin,pre_c1x,8,0.13124973903960158,-0.006976441310444281,0.01202949902130701
c2y~nonlin,pre_c1x,8,0.08059913242342154,0.003981914179545187,-0.005116369598539006
answer,pre_c1x,10,0.5730121820292484,-0.010094282308186653,0.35953348706910515
x,pre_c1x,10,0.5907533193728636,-0.005387010170200046,0.32361449373083395
c1x,pre_c1x,10,0.6362894453788459,-0.0014632500792488567,0.3965662104065212
y,pre_c1x,10,0.6492172543223305,-0.000885207597694837,0.3998114891696626
c2y,pre_c1x,10,0.5706456696671516,-0.012728657120377296,0.3536674424977796
answer~nonlin,pre_c1x,10,0.0665707230246183,-0.0014262632421737642,-0.00021306219432903895
x~nonlin,pre_c1x,10,0.2317740368177561,0.0055011884515584475,0.10572555391568972
c1x~nonlin,pre_c1x,10,-0.006335174894819051,-0.00886745962205282,-0.0029083088322865436
y~nonlin,pre_c1x,10,0.08254287493710732,-0.005768202859638638,0.01111417392682379
c2y~nonlin,pre_c1x,10,0.06586355140991107,0.001976719241414737,0.0027984695802044657
answer,pre_c1x,12,0.5969679204365315,-0.009961149218179255,0.4222354983057114
x,pre_c1x,12,0.6860975373597752,-0.0032111822397451473,0.4804356714568315
c1x,pre_c1x,12,0.7063356048026547,-0.007537497278829575,0.5095961595209092
y,pre_c1x,12,0.716775261134728,-0.006081361783914607,0.5227236737484781
c2y,pre_c1x,12,0.6066950306756026,-0.018243762995151735,0.4267239229612465
answer~nonlin,pre_c1x,12,0.021621211485670755,-0.00022549936213001054,-0.0011346879811358068
x~nonlin,pre_c1x,12,0.5135846484178914,0.002926805212404182,0.3367005854651052
c1x~nonlin,pre_c1x,12,-0.010689288296831911,-0.011233265043459673,-0.011423421130094313
y~nonlin,pre_c1x,12,-0.0040098823889958,-0.003456169812575016,0.007760978701590759
c2y~nonlin,pre_c1x,12,0.021207311118924488,0.004509257978613901,0.0018487190715716917
answer,pre_c1x,14,0.6297119507881709,-0.010827098932073564,0.42154118476180413
x,pre_c1x,14,0.7094468268156706,-0.003420782275271428,0.45262676903320587
c1x,pre_c1x,14,0.7191378998802416,-0.010869888554105422,0.4935722396101766
y,pre_c1x,14,0.7312859451694553,-0.0009010276675909257,0.5022948467663135
c2y,pre_c1x,14,0.6367065283566176,-0.01306662612756937,0.41900869380783234
answer~nonlin,pre_c1x,14,0.03604517679453978,-0.0028202893491784398,-0.0034372734563687946
x~nonlin,pre_c1x,14,0.4985616053143934,0.0029920041704085687,0.34306636682501046
c1x~nonlin,pre_c1x,14,-0.011876209695913964,-0.010838652208368993,-0.0029031717234300203
y~nonlin,pre_c1x,14,0.038882742743353904,-0.0023897253822806608,-0.007464826971821603
c2y~nonlin,pre_c1x,14,0.039537151988771946,0.000738367469447776,-0.0020785188602043814
answer,pre_c1x,16,0.6106226143225313,-0.013830116817918237,0.49131337753680415
x,pre_c1x,16,0.7063860402291897,-0.0010124523586281242,0.46151528327812097
c1x,pre_c1x,16,0.7178753831249312,-0.010593596204385713,0.5215190549043071
y,pre_c1x,16,0.7224278740310497,-0.004676452541881648,0.5329481349858449
c2y,pre_c1x,16,0.619414768379307,-0.015265485677031565,0.4932947759327089
answer~nonlin,pre_c1x,16,0.01846926730689924,-0.001730756834200653,-0.013738611042195759
x~nonlin,pre_c1x,16,0.5162381095555499,0.006676584503491623,0.3645415880139591
c1x~nonlin,pre_c1x,16,-0.007726853190473948,-0.010918167214797325,-0.008032769884672719
y~nonlin,pre_c1x,16,0.0006128663275718482,-0.0024216601394460024,0.0002594905292672145
c2y~nonlin,pre_c1x,16,0.016746227383848566,0.001521571264742616,-0.012498594932428775
answer,pre_c1x,18,0.6052138924547346,-0.017305900995462142,0.4689124934763108
x,pre_c1x,18,0.7169750892180337,-0.0018837443768133788,0.4938779577114085
c1x,pre_c1x,18,0.7191689882366251,-0.006532484699059982,0.5458488724710839
y,pre_c1x,18,0.727906361234781,-0.004461539382451196,0.5732602618071394
c2y,pre_c1x,18,0.6087042813835776,-0.013027573834407669,0.47444853467516945
answer~nonlin,pre_c1x,18,0.011901133283871324,-0.0022305508115327832,0.008464838806390707
x~nonlin,pre_c1x,18,0.527469897481101,0.0075776175695562165,0.3673359376402966
c1x~nonlin,pre_c1x,18,-0.011433062384587078,-0.007818519168384386,-0.008366848524865578
y~nonlin,pre_c1x,18,-0.01047344954909013,0.0015657245409627096,0.011034168043168036
c2y~nonlin,pre_c1x,18,0.01215444273142563,0.001825022473856519,0.007209863903941183
answer,pre_c1x,20,0.6168151561818283,-0.013741868614915775,0.5130548892611506
x,pre_c1x,20,0.742301979007155,-0.012447835930105233,0.5826775529844159
c1x,pre_c1x,20,0.7345102167300221,-0.0057706653507887395,0.6093155674297115
y,pre_c1x,20,0.7449119220951657,-0.00017286163592045156,0.630609613013805
c2y,pre_c1x,20,0.6250029098591092,-0.010031775749925975,0.5141920312152282
answer~nonlin,pre_c1x,20,0.037409129682350994,-0.009648112903274608,-0.0020716113463130625
x~nonlin,pre_c1x,20,0.5880392861060952,0.007981192461085751,0.4921167807138973
c1x~nonlin,pre_c1x,20,-0.014231367599875533,-0.005632813630110922,-0.005854274419783367
y~nonlin,pre_c1x,20,0.032713231265601106,7.220827727716372e-05,-0.011040942429451306
c2y~nonlin,pre_c1x,20,0.040808079822383214,-0.0001861097945727863,0.002411547205284137
answer,pre_c1x,22,0.7004786111513175,-0.013155342152772143,0.5743564617194461
x,pre_c1x,22,0.8391404871363537,-0.017286241030173732,0.659401124468305
c1x,pre_c1x,22,0.8253052213981229,-0.005179593144168937,0.675352210707876
y,pre_c1x,22,0.8241664301155563,-0.0054899049909367115,0.6777280418457656
c2y,pre_c1x,22,0.7023634084849539,-0.012038448909021948,0.5815743227900607
answer~nonlin,pre_c1x,22,0.0487626544461901,-0.01106061086657717,0.01401061302422102
x~nonlin,pre_c1x,22,0.6433238357528809,0.010842030390653012,0.5142273428931197
c1x~nonlin,pre_c1x,22,-0.01521357070340379,-0.009110626261592758,0.007048096247555757
y~nonlin,pre_c1x,22,0.04242761408583251,0.0023518708098001495,0.02253376223309045
c2y~nonlin,pre_c1x,22,0.058390146423393685,-0.0007820170584522668,0.01788004510277763
answer,pre_c1x,24,0.7764318217882388,-0.005843841323819321,0.6748371737713263
x,pre_c1x,24,0.9389876847063655,-0.006421005407068803,0.8457350190033426
c1x,pre_c1x,24,0.9335949072367972,-0.004783003684430298,0.8328254714272343
y,pre_c1x,24,0.9238561036469629,0.0005264708585183131,0.8191923276296434
c2y,pre_c1x,24,0.7797602074587694,-0.016199608807720534,0.6824990765794183
answer~nonlin,pre_c1x,24,0.24990356112423928,-0.007765471122600287,0.1339947960664687
x~nonlin,pre_c1x,24,0.6293237706633058,0.010974567273998814,0.5133198498611321
c1x~nonlin,pre_c1x,24,0.664185843923636,-0.016297750199803174,0.41220071417610404
y~nonlin,pre_c1x,24,0.5164597576116894,0.0025442338033653256,0.3032232034855704
c2y~nonlin,pre_c1x,24,0.25325641425703205,-0.0030962610726252837,0.1325903457024895
answer,pre_c1x,26,0.7755020429910358,-0.008684403053628165,0.6742564336217728
x,pre_c1x,26,0.9243521992118339,-0.0011398163959721597,0.8020819792006363
c1x,pre_c1x,26,0.9269102803888791,-0.006624844609134595,0.8170240623670895
y,pre_c1x,26,0.9152293673614377,-0.008382516196150602,0.8035183386047278
c2y,pre_c1x,26,0.7755793600397166,-0.015656928780446444,0.6808011940527059
answer~nonlin,pre_c1x,26,0.2864602358014282,-0.008650123382742514,0.15619842427058017
x~nonlin,pre_c1x,26,0.5794648027201841,0.00594908206171918,0.4855837058440149
c1x~nonlin,pre_c1x,26,0.8060055267217772,-0.015453229382480282,0.5901427509049695
y~nonlin,pre_c1x,26,0.5950496784232866,-0.00215044479895643,0.38685185453537463
c2y~nonlin,pre_c1x,26,0.2869689479779869,-0.0031295440280181275,0.14896120104180965
answer,pre_c1x,28,0.7659193237675676,-0.0073075661275643355,0.6174671570728096
x,pre_c1x,28,0.9159027806443247,-0.008316654448391247,0.7325306127257405
c1x,pre_c1x,28,0.9193310328950569,-0.005807363356610473,0.73932878242727
y,pre_c1x,28,0.9053639016929474,-0.007420357012545509,0.7285346341653196
c2y,pre_c1x,28,0.7686997495173019,-0.014764420316297988,0.6223485317562591
answer~nonlin,pre_c1x,28,0.2818552922531171,-0.006392837849664046,0.14499200820253655
x~nonlin,pre_c1x,28,0.557717998707618,0.0073823577993346046,0.41318490255733575
c1x~nonlin,pre_c1x,28,0.8344878542746956,-0.01284599543259124,0.517099655121779
y~nonlin,pre_c1x,28,0.5648917300142828,-0.002362934210483836,0.36146887285429663
c2y~nonlin,pre_c1x,28,0.2810010450378396,-0.002445014752649133,0.13606746117044355
answer,val_c1x,0,0.050197105046526524,-0.012442753951760421,0.049663031184876805
x,val_c1x,0,-0.004356565420883252,-0.010427122082425244,-0.0002696120249245926
c1x,val_c1x,0,0.06362253879878199,-0.010436890019573486,0.06373536606412145
y,val_c1x,0,0.06114146472231785,0.001120852348608814,0.062317143608647485
c2y,val_c1x,0,0.04848759969077976,-0.007300872539552694,0.04798065048824196
answer~nonlin,val_c1x,0,-0.0049196468111065705,-0.012249508237072604,-0.00550360772736691
x~nonlin,val_c1x,0,0.002866240695839184,-0.007725730598511005,0.002896160424861516
c1x~nonlin,val_c1x,0,-0.007991105400090737,-0.005657942803054761,-0.0038418051498216865
y~nonlin,val_c1x,0,-0.002464713377698935,0.0010176704728735997,-0.00384955351703975
c2y~nonlin,val_c1x,0,-0.0040449392370955906,-0.009198240163196703,-0.006066570299759988
answer,val_c1x,2,0.8014585218948092,-0.01307327527866553,0.7690103936987078
x,val_c1x,2,0.9037335936626436,-0.016472053615257165,0.8945392757457973
c1x,val_c1x,2,0.9991091808992527,-0.007761026338548138,0.9878501074854159
y,val_c1x,2,0.9778459138706724,0.0008179867166796528,0.9393964931089888
c2y,val_c1x,2,0.8034783159932243,-0.01477930416008233,0.76759078039625
answer~nonlin,val_c1x,2,0.1317977369730301,-0.007605228029998745,0.12500379415734308
x~nonlin,val_c1x,2,0.3995311042967753,-0.010224369704769698,0.39261810691921306
c1x~nonlin,val_c1x,2,0.562588162113419,-0.010002433644947573,0.5364973713705607
y~nonlin,val_c1x,2,0.3630973877698187,-0.005156589188014982,0.3547436295737979
c2y~nonlin,val_c1x,2,0.12948719311142853,-0.00708805895289677,0.12418753530450544
answer,val_c1x,4,0.792192665108064,-0.00981765890570041,0.7599950122134728
x,val_c1x,4,0.9060018556918625,-0.01731176108103938,0.896484728693079
c1x,val_c1x,4,0.9960242969417715,-0.006330482161968742,0.9763206630600444
y,val_c1x,4,0.9686717294237684,-0.0012167671578640071,0.9310417176335931
c2y,val_c1x,4,0.794962535185378,-0.011830136583573791,0.7608395472932408
answer~nonlin,val_c1x,4,0.1303166289061608,-0.008787035688362588,0.10605221931946274
x~nonlin,val_c1x,4,0.3973793457699645,-0.007318630129147019,0.3884367401805262
c1x~nonlin,val_c1x,4,0.5131822594227573,-0.011351499676260923,0.47677521150142554
y~nonlin,val_c1x,4,0.3517193803802249,-0.0017845465618639977,0.32710094981707816
c2y~nonlin,val_c1x,4,0.13033725142729446,-0.008732999981047485,0.10201948497587143
answer,val_c1x,6,0.7674281557302655,-0.0062209818006420115,0.7230792029484299
x,val_c1x,6,0.9145033259457702,-0.015988175098875512,0.8729144749351213
c1x,val_c1x,6,0.9931594200311293,-0.004832654280300108,0.9453260668286847
y,val_c1x,6,0.9335072071858035,0.0011435252949989483,0.8884539596423349
c2y,val_c1x,6,0.7698062914741206,-0.010429192788719233,0.7280465608868069
answer~nonlin,val_c1x,6,0.12995844994064676,-0.012367124474398361,0.12589684654837807
x~nonlin,val_c1x,6,0.4157884025447067,-0.005248041844347906,0.3987711434296868
c1x~nonlin,val_c1x,6,0.5297220081028935,-0.008934970903831108,0.4940738929009364
y~nonlin,val_c1x,6,0.36128244033939294,-9.842707421436891e-05,0.33737398730315193
c2y~nonlin,val_c1x,6,0.12712615253044557,-0.0059911848979956606,0.12328134657965073
answer,val_c1x,8,0.8033691161846628,-0.004210803874809876,0.7530438349891105
x,val_c1x,8,0.9310433731645258,-0.01122437712877633,0.9007281040002236
c1x,val_c1x,8,0.9937982889014695,-0.007143852553805008,0.9545843192029226
y,val_c1x,8,0.9756740400299664,-0.0024831979325685705,0.9159166315149538
c2y,val_c1x,8,0.8053756278637385,-0.011984315958799785,0.7578161487100006
answer~nonlin,val_c1x,8,0.1701958713635191,-0.009203854452169091,0.1176713340567056
x~nonlin,val_c1x,8,0.4325649759649429,-0.004848862174871904,0.4050829474287271
c1x~nonlin,val_c1x,8,0.5867334920426215,-0.006756506379005822,0.49500391144801836
y~nonlin,val_c1x,8,0.3946787871277735,-0.001114806423577086,0.31954605391759694
c2y~nonlin,val_c1x,8,0.16729925526520173,-0.010566342579512389,0.11549972036104406
answer,val_c1x,10,0.804862094674986,-0.007151671604044507,0.7257151963151673
x,val_c1x,10,0.9460826526550234,-0.014957096664975245,0.8779774083020854
c1x,val_c1x,10,0.9887307687745204,-0.0033055087845956788,0.9309916527052403
y,val_c1x,10,0.9745137469434304,-0.004931760048591638,0.8848583972465396
c2y,val_c1x,10,0.8062158292313631,-0.011529312945935732,0.7280186174835241
answer~nonlin,val_c1x,10,0.15341208749493218,-0.010018864151762674,0.0967220409895797
x~nonlin,val_c1x,10,0.48874842756041736,-0.0026119529017472054,0.4181471917952956
c1x~nonlin,val_c1x,10,0.5938178855717964,-0.00602290315507914,0.3813878336819505
y~nonlin,val_c1x,10,0.39862547103060886,0.0005837751543003034,0.24838521321089468
c2y~nonlin,val_c1x,10,0.15214211698239866,-0.008306185537111599,0.09149006486202327
answer,val_c1x,12,0.8071812151666865,-0.008241094530619053,0.7537774389005102
x,val_c1x,12,0.9542820595984457,-0.013392623095012546,0.9013124853286579
c1x,val_c1x,12,0.9891322944319678,-0.0021145209354942462,0.9510532559451457
y,val_c1x,12,0.9765916286261852,-0.004550552180785816,0.922579965048631
c2y,val_c1x,12,0.809524144475403,-0.011692263940636716,0.7599437004326288
answer~nonlin,val_c1x,12,0.19752567280054,-0.006588573425323485,0.0984106653554444
x~nonlin,val_c1x,12,0.5939218285962049,0.0031528349740728157,0.45377787320819873
c1x~nonlin,val_c1x,12,0.6009851367983037,-0.008179670777179737,0.4107782254614335
y~nonlin,val_c1x,12,0.41909244368180776,0.0008219581225964445,0.2743555166144953
c2y~nonlin,val_c1x,12,0.1987896460800268,-0.005956216800070857,0.08802694235416031
answer,val_c1x,14,0.8185089034856057,-0.008701114594048764,0.7584626634302756
x,val_c1x,14,0.9548002073308313,-0.01258410971476942,0.89891028471481
c1x,val_c1x,14,0.9901889112755925,0.0020331356270933965,0.95675037260311
y,val_c1x,14,0.9773076678520127,-0.005924388200988062,0.9264936908349725
c2y,val_c1x,14,0.8212073022819713,-0.010921882258229987,0.7616174246790373
answer~nonlin,val_c1x,14,0.18575858169447823,-0.007866383973713642,0.09210605972933472
x~nonlin,val_c1x,14,0.6250237438912329,0.0051189723897252515,0.45830894924519283
c1x~nonlin,val_c1x,14,0.5515286890607433,-0.010935429347481262,0.40064788491411907
y~nonlin,val_c1x,14,0.4024524783908451,0.0030324955064978676,0.27773535582266784
c2y~nonlin,val_c1x,14,0.18662621916564015,-0.005129816317851255,0.09646348172806984
answer,val_c1x,16,0.8182030304688043,-0.011732628337585815,0.7720633193654004
x,val_c1x,16,0.9610499321122444,-0.011208137140633845,0.9038296960336665
c1x,val_c1x,16,0.9810608399992712,-0.0016046796683317766,0.93539996778921
y,val_c1x,16,0.9694562902300036,-0.005281659515225856,0.9127561697340173
c2y,val_c1x,16,0.8220247478086564,-0.015864914290783627,0.7717086380525964
answer~nonlin,val_c1x,16,0.19987435410558052,-0.009788172767557057,0.10949879396421469
x~nonlin,val_c1x,16,0.6339433944224302,0.003567910867643964,0.48491993257742216
c1x~nonlin,val_c1x,16,0.5784930979183259,-0.00212802678824886,0.37851237705722685
y~nonlin,val_c1x,16,0.41883754588989053,0.0046231535856454675,0.28740256196281366
c2y~nonlin,val_c1x,16,0.2052295636875695,-0.00417307154459845,0.1133964555818866
answer,val_c1x,18,0.7874477862951063,-0.010915052452302731,0.7406831182916671
x,val_c1x,18,0.9462641768631584,-0.008272528969649251,0.8911646808549776
c1x,val_c1x,18,0.9639041190264938,0.002906560435047445,0.9131869685168716
y,val_c1x,18,0.9535914823050748,-0.0037265634073724296,0.8967940583379024
c2y,val_c1x,18,0.788333833595341,-0.015554175997326114,0.7424236600390002
answer~nonlin,val_c1x,18,0.17368300838297324,-0.010757021146177825,0.11787228879294087
x~nonlin,val_c1x,18,0.5942952414666269,-0.002776326480466551,0.4962220731316985
c1x~nonlin,val_c1x,18,0.5423632413524966,-0.003133184887600171,0.35846421281842367
y~nonlin,val_c1x,18,0.4055064687798188,0.0050002932901968,0.24364008278424487
c2y~nonlin,val_c1x,18,0.1800917318720514,-0.003965338786444006,0.12164970654047225
answer,val_c1x,20,0.7760169940677462,-0.008875608967885196,0.7118526794455879
x,val_c1x,20,0.9348781652738665,-0.012618001847544136,0.8248141315383537
c1x,val_c1x,20,0.9508595526100316,0.005197493180444712,0.8652152167240585
y,val_c1x,20,0.9387392607192122,-0.000526956253464661,0.857249397466075
c2y,val_c1x,20,0.7765817771951329,-0.01366695323564393,0.7168595165750287
answer~nonlin,val_c1x,20,0.16142170594482919,-0.005197708202471452,0.056974047876405254
x~nonlin,val_c1x,20,0.5521670559940556,0.002955218129409909,0.4051024612495404
c1x~nonlin,val_c1x,20,0.41288145845127233,-0.005157748740279189,0.28428729636743644
y~nonlin,val_c1x,20,0.35959966418260303,0.004130314732396334,0.22101735790802812
c2y~nonlin,val_c1x,20,0.16529856902742013,-0.008694598100712492,0.06396183139719702
answer,val_c1x,22,0.7963793588432497,-0.006021260136473305,0.725129451782771
x,val_c1x,22,0.9529095492750103,-0.01540710001604384,0.8237237989806819
c1x,val_c1x,22,0.9698778810931915,0.0013846314964043316,0.8837220634366294
y,val_c1x,22,0.9645982593311346,0.004179025802035885,0.8716774691728018
c2y,val_c1x,22,0.7991385516688249,-0.010214124884695863,0.7244356687832714
answer~nonlin,val_c1x,22,0.1928272300452707,-0.005170319731796491,0.10199511693267949
x~nonlin,val_c1x,22,0.5845348842272479,0.005446087706326375,0.4684028030466064
c1x~nonlin,val_c1x,22,0.47265304106244044,-0.010505315048840114,0.3201766244235925
y~nonlin,val_c1x,22,0.45389615650044735,0.004586759445821653,0.2971115208444096
c2y~nonlin,val_c1x,22,0.19537918803957643,-0.007058427063642236,0.10890665015571532
answer,val_c1x,24,0.7802733049347346,-0.003972786819262275,0.6590692264239204
x,val_c1x,24,0.9255272850599868,-0.011582809285406226,0.7570218491989238
c1x,val_c1x,24,0.9411106949923995,0.0028852118157773887,0.8162751285202204
y,val_c1x,24,0.9393151055135028,0.004759077220921504,0.8144821476391936
c2y,val_c1x,24,0.7870849517825742,-0.012168874561718779,0.6599151902338349
answer~nonlin,val_c1x,24,0.18240452306908472,-0.007444050889586995,0.11733857410954707
x~nonlin,val_c1x,24,0.5352262922551507,0.002984918125556568,0.40081008890265035
c1x~nonlin,val_c1x,24,0.3617313753577881,-0.012633764870628061,0.23917459179842582
y~nonlin,val_c1x,24,0.4508058114090657,0.011621105734996307,0.2851541435057102
c2y~nonlin,val_c1x,24,0.18508177947071291,-0.011447705168722067,0.11146455741138062
answer,val_c1x,26,0.7703374808943708,-0.006216939719329684,0.6116201367214265
x,val_c1x,26,0.9187397343258297,-0.011142275713040606,0.7009763301258269
c1x,val_c1x,26,0.933519790234775,0.00017525235244919557,0.7356425790509269
y,val_c1x,26,0.933198033856304,0.00115396902816145,0.7326869097287323
c2y,val_c1x,26,0.7780258336421417,-0.013254924594564343,0.6112023478038787
answer~nonlin,val_c1x,26,0.2165470072170188,-0.008310806519408409,0.12663286222351977
x~nonlin,val_c1x,26,0.505082748167667,0.0060011824658525725,0.367029511058118
c1x~nonlin,val_c1x,26,0.4437262969564588,-0.011551900908629786,0.2011436514738273
y~nonlin,val_c1x,26,0.4963740523958726,0.012042569006932569,0.2488396342776955
c2y~nonlin,val_c1x,26,0.22115524265280928,-0.011183759587491515,0.12720946198914662
answer,val_c1x,28,0.7561988614654984,-0.0028411049000669486,0.550706254961036
x,val_c1x,28,0.9000122163351059,-0.00939714597937824,0.6054390912109148
c1x,val_c1x,28,0.9274434715383489,-0.0015965048612838206,0.6661537667794641
y,val_c1x,28,0.9284422874089792,0.0022883130231449167,0.6674825702997498
c2y,val_c1x,28,0.7619509395003398,-0.00963084536912806,0.5518629103643198
answer~nonlin,val_c1x,28,0.20838694553308357,-0.007768508693341225,0.05710614507477585
x~nonlin,val_c1x,28,0.48019914602057867,0.0004301860806517066,0.2877209824509146
c1x~nonlin,val_c1x,28,0.44242005233877035,-0.009619455901144214,0.19238873362600573
y~nonlin,val_c1x,28,0.4951475560060393,0.0068529073312523225,0.16367061724515586
c2y~nonlin,val_c1x,28,0.20897833363270724,-0.010357918239112696,0.058084182415617525
answer,pre_y,0,-0.0016542967647359408,-0.0032845496431888055,-0.0016542928735736595
x,pre_y,0,-0.00047397201781618215,-0.0034380184342259756,-0.0004739745828552522
c1x,pre_y,0,-0.001176930607882154,-0.0013405293541759455,-0.0011769299131223487
y,pre_y,0,-0.0010711810827757073,-0.002816249698053497,-0.0010711815950048553
c2y,pre_y,0,-0.0018287939846797219,-0.003188638667741772,-0.0018287922185469263
answer~nonlin,pre_y,0,-0.0024158517099683863,-0.0013818710132627032,-0.002415851727610052
x~nonlin,pre_y,0,-0.0009376203415001338,-0.0006329593933518396,-0.0009376205808977467
c1x~nonlin,pre_y,0,-0.0025018779724848006,-0.002459775324986646,-0.0025018779527428148
y~nonlin,pre_y,0,-0.0018619297882844776,-0.000882635107266827,-0.0018619298010493779
c2y~nonlin,pre_y,0,-0.002308918077617239,-0.0016795428175129246,-0.002308918142668759
answer,pre_y,2,0.6736725775025707,-0.011460700677170088,0.505068073553006
x,pre_y,2,0.6773706404700108,-0.007377193387848369,0.516501051087078
c1x,pre_y,2,0.7672573189882371,-0.006657162974473607,0.5896342149562996
y,pre_y,2,0.7804854911299085,-0.0012680632537100944,0.597773563315317
c2y,pre_y,2,0.6795416017269535,-0.007945025833622443,0.49452538080627517
answer~nonlin,pre_y,2,0.16726374928352317,-0.0063277339672827,0.11988687440573143
x~nonlin,pre_y,2,0.26785268742758606,-0.003963974784906288,0.20837790605811968
c1x~nonlin,pre_y,2,0.18670236164426135,-0.013589722519447678,0.08803698868513965
y~nonlin,pre_y,2,0.3757881878695647,0.000135199023260979,0.22946591626084056
c2y~nonlin,pre_y,2,0.16833185831496544,0.00033251260643207825,0.11456650198621876
answer,pre_y,4,0.7805463628618279,-0.010868258680460263,0.6258064055458805
x,pre_y,4,0.8907664295685497,-0.009360675048989409,0.7118707516674072
c1x,pre_y,4,0.9527234201019966,-0.0064627048596666015,0.7654465739215646
y,pre_y,4,0.9512257498497474,0.0008587461395017648,0.7657331930982633
c2y,pre_y,4,0.7856103294900705,-0.008552077787756573,0.6268711904545606
answer~nonlin,pre_y,4,0.19647440812751094,-0.005463571075696283,0.1023958263229936
x~nonlin,pre_y,4,0.3672478415856474,0.0012789635778059916,0.2839115993744281
c1x~nonlin,pre_y,4,0.37827438561325555,-0.013224558094921957,0.1752842096207825
y~nonlin,pre_y,4,0.49806689468385457,-0.0010181234070127942,0.2825727094572402
c2y~nonlin,pre_y,4,0.2006283285424897,0.0018079777363404492,0.1071381994641386
answer,pre_y,6,0.8099362502119929,-0.009808818230462313,0.7103591864020002
x,pre_y,6,0.902746669587875,-0.010425138431442882,0.7677917726884399
c1x,pre_y,6,0.9678391995102528,-0.0027708786500200144,0.8436225598068029
y,pre_y,6,0.9653718002908633,-0.002549152027231827,0.8388170508610063
c2y,pre_y,6,0.8164386448515359,-0.008940969623897344,0.716105482364559
answer~nonlin,pre_y,6,0.21420611522129251,-0.004395361597143488,0.08629490728147793
x~nonlin,pre_y,6,0.36327531240879796,-0.0027196488770617755,0.3498709445767896
c1x~nonlin,pre_y,6,0.4117265823370375,-0.013662581477860147,0.2697410378915447
y~nonlin,pre_y,6,0.5049578710209771,-0.0030373502100660144,0.2955029413902114
c2y~nonlin,pre_y,6,0.22116286332831114,-0.0007175806098540516,0.09186347808795525
answer,pre_y,8,0.7995349979173759,-0.010635907858333793,0.7045520246820924
x,pre_y,8,0.9049627100514581,-0.011644377061932332,0.7691042279604137
c1x,pre_y,8,0.954735912679311,-0.0017676643016137916,0.8264181501789716
y,pre_y,8,0.9510973055464536,-0.003080022761442258,0.8258648985552753
c2y,pre_y,8,0.8020321194083897,-0.010320766042102303,0.7064861224711472
answer~nonlin,pre_y,8,0.20400842550921428,-0.0021530965187865903,0.12214944329649424
x~nonlin,pre_y,8,0.4073592673915306,-0.0009545837725795092,0.3455875273030554
c1x~nonlin,pre_y,8,0.3395233538292012,-0.012667845646531672,0.2852879513683474
y~nonlin,pre_y,8,0.450625881302288,0.0002450763411395718,0.31267877924452236
c2y~nonlin,pre_y,8,0.21428041315199253,-0.0010813070818889159,0.12296383852102832
answer,pre_y,10,0.7917750823764622,-0.0088739825410733,0.6732152059635463
x,pre_y,10,0.8890574037472294,-0.013175023596629476,0.735024605135912
c1x,pre_y,10,0.9345195485997958,-0.001823013192234768,0.8061425841053423
y,pre_y,10,0.9341927798701668,-0.0055228737975485664,0.8102584334603637
c2y,pre_y,10,0.7962374449414903,-0.008495270721843529,0.6698881324728382
answer~nonlin,pre_y,10,0.20986802301126817,0.0012012562109524616,0.06290984667888722
x~nonlin,pre_y,10,0.4044751815333969,-0.0012723495360542625,0.3497616214768311
c1x~nonlin,pre_y,10,0.3423927508291562,-0.01211212195335043,0.18032459213310315
y~nonlin,pre_y,10,0.456111933933415,-0.0015300972154397297,0.19153960341936338
c2y~nonlin,pre_y,10,0.21722732548864765,0.005014302153869332,0.060373485308643726
answer,pre_y,12,0.7828069912412761,-0.007382937841445614,0.6530471101241374
x,pre_y,12,0.8971718559759998,-0.010020129302765968,0.7009885258261559
c1x,pre_y,12,0.9314268245308959,-0.006115492435702308,0.7645827487811299
y,pre_y,12,0.9332033011673943,-0.00678821293503451,0.7795980477564248
c2y,pre_y,12,0.7835263110844128,-0.009497732533648717,0.6511997267817957
answer~nonlin,pre_y,12,0.20739341982955417,-0.003142537306871196,0.07073080215881333
x~nonlin,pre_y,12,0.46699945542349053,-0.0007288019953366476,0.33677965884840333
c1x~nonlin,pre_y,12,0.2980730701059098,-0.010054706976803773,0.18262354570978756
y~nonlin,pre_y,12,0.43041226880679806,-9.376896974644389e-05,0.170809205256105
c2y~nonlin,pre_y,12,0.2131706761663028,0.004713184645713353,0.07943198810557461
answer,pre_y,14,0.7698345646411258,-0.010503507186090166,0.6429939735576939
x,pre_y,14,0.8667115839755608,-0.00881171868381636,0.6996095553241737
c1x,pre_y,14,0.9112278075288864,-0.007682641977049487,0.7739037215831113
y,pre_y,14,0.9183027570950697,-0.00495511207267052,0.787384678587443
c2y,pre_y,14,0.7743317132626136,-0.008099256864238402,0.6339183014563439
answer~nonlin,pre_y,14,0.17675724022669703,-0.00736430296201851,0.09522691771802638
x~nonlin,pre_y,14,0.4437257265665131,0.0006891261943425819,0.3376017540582279
c1x~nonlin,pre_y,14,0.24848375034124937,-0.009027240332177389,0.1413142240322417
y~nonlin,pre_y,14,0.3504133873062235,0.0022710209788984193,0.17871048932306466
c2y~nonlin,pre_y,14,0.17645799693716546,0.0010419094433472553,0.09438457528332644
answer,pre_y,16,0.7967005706542096,-0.012650958565984638,0.6729651692480056
x,pre_y,16,0.868787200712871,-0.007409731217276949,0.7217518234506637
c1x,pre_y,16,0.9062693866303059,-0.009809980232306614,0.7941296071820957
y,pre_y,16,0.9090424497609293,-0.006039943297336592,0.8012002532118288
c2y,pre_y,16,0.7997391993624489,-0.009152753331409746,0.6807300759095742
answer~nonlin,pre_y,16,0.176686653096647,-0.005191292362713318,0.09122287822527875
x~nonlin,pre_y,16,0.4465816103472321,0.0013381308701387873,0.37416900632583683
c1x~nonlin,pre_y,16,0.24867828327118646,-0.010174840427663145,0.15405494221105065
y~nonlin,pre_y,16,0.3583705636540151,0.006957267955393087,0.2120477463800774
c2y~nonlin,pre_y,16,0.17942068923742882,0.0024315404506348726,0.09138443192157453
answer,pre_y,18,0.7688604043535507,-0.01153013543287007,0.656309493409019
x,pre_y,18,0.861529218454273,-0.008693789904100635,0.7248371459264189
c1x,pre_y,18,0.8959073134932952,-0.006965291886261937,0.7574038925330278
y,pre_y,18,0.9000219882367532,-0.010610060428046797,0.7609952286238415
c2y,pre_y,18,0.7691537818156344,-0.010677628436130293,0.658810787962408
answer~nonlin,pre_y,18,0.15420953157443062,-0.004622680370741206,0.1064178080464907
x~nonlin,pre_y,18,0.47842812384956424,0.0005491218483215654,0.386903262206883
c1x~nonlin,pre_y,18,0.22818470946777658,-0.011357702055884822,0.1492132164556299
y~nonlin,pre_y,18,0.3403493181105577,0.00578296404179568,0.18783005017060972
c2y~nonlin,pre_y,18,0.1576681498208331,0.001573261220553679,0.10998296475198432
answer,pre_y,20,0.7362358875171259,-0.01210781453998444,0.6459957797742104
x,pre_y,20,0.8423358595314432,-0.006382435563415223,0.6772323724148036
c1x,pre_y,20,0.8845439427855311,-0.003891132340366532,0.7524703024625166
y,pre_y,20,0.889810605323539,-0.013141894432641577,0.7675152930225941
c2y,pre_y,20,0.7337710506585616,-0.014119060057472987,0.6446932738228588
answer~nonlin,pre_y,20,0.16063085803266497,-0.004365137686966447,0.08742831815752772
x~nonlin,pre_y,20,0.5151395885073389,-0.003947380026117386,0.36927403906762635
c1x~nonlin,pre_y,20,0.21397615034317963,-0.011358363805625826,0.11078316559087698
y~nonlin,pre_y,20,0.3471216516997152,0.007799559464193417,0.20740341320639533
c2y~nonlin,pre_y,20,0.16830167376694816,-0.001019977699665775,0.0965384207804676
answer,pre_y,22,0.7483078714845283,-0.004672465280706861,0.6270914944395629
x,pre_y,22,0.8599567785393024,-0.007541525126587123,0.6735470434171982
c1x,pre_y,22,0.8918822382046232,-0.0008671828136896931,0.7318760592818805
y,pre_y,22,0.8962452189981969,-0.006747010977739665,0.7411514019638352
c2y,pre_y,22,0.7463991793754574,-0.007030002163535443,0.6255846546100312
answer~nonlin,pre_y,22,0.16454059480885386,-0.007895925296731665,0.07772342080638284
x~nonlin,pre_y,22,0.5330204946939938,-0.0031736756336497862,0.38367808798917125
c1x~nonlin,pre_y,22,0.18027274682198935,-0.01385213284669562,0.07059823021177647
y~nonlin,pre_y,22,0.33186575857117195,0.0047697049321046014,0.17971102683919615
c2y~nonlin,pre_y,22,0.16904078214943352,-0.005152629370393846,0.07962646346383373
answer,pre_y,24,0.775127638956716,-0.01197223801850189,0.6429239758167611
x,pre_y,24,0.9187721953592088,-0.01322728617305291,0.775398581196775
c1x,pre_y,24,0.9495615882292633,-0.0009303414061467841,0.7926943432812616
y,pre_y,24,0.9514641019472103,0.003579754780636657,0.7899459523896415
c2y,pre_y,24,0.7805859718117946,-0.013401390175481254,0.6475786796008447
answer~nonlin,pre_y,24,0.21919557949245516,-0.010567288755956694,0.08134067770455533
x~nonlin,pre_y,24,0.4247989612981573,0.0023134231976582598,0.3496261377316251
c1x~nonlin,pre_y,24,0.4207673122556762,-0.008660000635217324,0.26081631698304286
y~nonlin,pre_y,24,0.5023294407692369,0.008200485459835982,0.21412993945362513
c2y~nonlin,pre_y,24,0.22788631887754518,-0.009018115409337835,0.08730459309214134
answer,pre_y,26,0.772305405975983,-0.012649353989411027,0.6242926638309527
x,pre_y,26,0.9130592745111628,-0.01209344813972546,0.7173723746438805
c1x,pre_y,26,0.9453292253402278,-0.00335361264792855,0.769532380405432
y,pre_y,26,0.9479659242852135,-0.0006702698265372842,0.7756430787729467
c2y,pre_y,26,0.7746817809906444,-0.013952975611276619,0.6260388132547727
answer~nonlin,pre_y,26,0.2223335295028016,-0.007126081793854988,0.07365840591937567
x~nonlin,pre_y,26,0.4083319191729484,0.0013486436735902219,0.28679718443725977
c1x~nonlin,pre_y,26,0.45482170488713414,-0.009880414397452686,0.3077079935080198
y~nonlin,pre_y,26,0.5099082527043206,0.005568758404311591,0.2199255813412866
c2y~nonlin,pre_y,26,0.23324513662254143,-0.009080671175372368,0.07576723951833886
answer,pre_y,28,0.7699466729290128,-0.01120921420323695,0.646161333511619
x,pre_y,28,0.9068873719556731,-0.011788449628992392,0.732800620902635
c1x,pre_y,28,0.9401212691607439,-0.0029278747367833535,0.7678300041704126
y,pre_y,28,0.943133188207371,-0.005022731785855106,0.7896699406268223
c2y,pre_y,28,0.7728187449859512,-0.013653976445916483,0.6505070609786018
answer~nonlin,pre_y,28,0.2491722509772054,-0.007753788996198052,0.11390839919006335
x~nonlin,pre_y,28,0.4206394711344327,0.0026086031739935844,0.30186912522811815
c1x~nonlin,pre_y,28,0.5086550157888473,-0.0115346539497998,0.36294980066050864
y~nonlin,pre_y,28,0.554654674757524,0.0027269167674697226,0.276614948763806
c2y~nonlin,pre_y,28,0.26089677211415796,-0.009397087272264404,0.11836358654001011
answer,val_y,0,-0.0057465094357780355,-0.0035529959856923643,-0.0019016508723008752
x,val_y,0,-0.005627371498623024,-0.0038360911926442753,-0.0021341053962413703
c1x,val_y,0,-0.003628399216532241,-0.012131097210720476,-0.0013121484887708146
y,val_y,0,-0.005037903095365115,-0.011694993379930185,-0.003045460350903584
c2y,val_y,0,-0.00613903714124886,-0.012207994692806867,-0.002074886451956637
answer~nonlin,val_y,0,-0.007162424575805515,-0.0036558573370937264,-0.0027990758223925827
x~nonlin,val_y,0,-0.0015993639812117433,-0.004715758146804916,-0.005380029082865168
c1x~nonlin,val_y,0,0.0013645408412692461,-0.004071449816329009,-0.001238865115364307
y~nonlin,val_y,0,-0.002713209982649456,-0.007391232030141914,-0.0017555237163719983
c2y~nonlin,val_y,0,-0.0072055928770498046,-0.014268507231664618,-0.002856978891029316
answer,val_y,2,0.8146165306626646,-0.00615036782083922,0.7978726158670715
x,val_y,2,0.8113024759196682,-0.004561540597409985,0.776979008055179
c1x,val_y,2,0.9764291723738306,-0.011341272495206445,0.9380951139469234
y,val_y,2,0.9963697569398217,-0.018757018047554697,0.9756644152711998
c2y,val_y,2,0.8199384599453863,-0.007297943209330748,0.8026221942668326
answer~nonlin,val_y,2,0.06075442645495066,-0.011755611955424738,0.04789584886432596
x~nonlin,val_y,2,0.3397879147688788,-0.0013846605550349445,0.32537025252693097
c1x~nonlin,val_y,2,0.3231253683240227,-0.0034419143321176016,0.28153398541936825
y~nonlin,val_y,2,0.2166603231673505,-0.014369883093497293,0.18465246758199672
c2y~nonlin,val_y,2,0.05719914643204749,-0.008343159475135753,0.04864062596786811
answer,val_y,4,0.8021778063443752,-0.0073114811172074745,0.7740462436614065
x,val_y,4,0.8096934761314345,-0.002618957640512898,0.7766044195608398
c1x,val_y,4,0.96901818231398,-0.010057912253067514,0.9139376844981083
y,val_y,4,0.9902423280214522,-0.011670074371097794,0.9516618741732271
c2y,val_y,4,0.8064099989112885,-0.00904229404460355,0.7783301419981578
answer~nonlin,val_y,4,0.06789051976731364,-0.012092444282580272,0.05527277454381996
x~nonlin,val_y,4,0.3514849905183042,-0.00539479443491242,0.3278736223604599
c1x~nonlin,val_y,4,0.32288536696872794,-0.0042796248308634155,0.2762724090499734
y~nonlin,val_y,4,0.2265805906484316,-0.007171409208323709,0.18423750108378434
c2y~nonlin,val_y,4,0.06759708113263907,-0.006982015187954715,0.04983027460098022
answer,val_y,6,0.7920824626593304,-0.0033041145882961587,0.7539633414541413
x,val_y,6,0.8260298899860853,-0.009711214422607917,0.76141623520254
c1x,val_y,6,0.96069655970174,-0.011402497656061383,0.8874018294187005
y,val_y,6,0.982035637103177,-0.010920382859244127,0.9092253826932443
c2y,val_y,6,0.7957535248833298,-0.0034064995413471966,0.7585257339819262
answer~nonlin,val_y,6,0.06519321875781126,-0.005627710383046436,0.04073483561502822
x~nonlin,val_y,6,0.36140035818114746,-0.0021943738057887963,0.32037567299653025
c1x~nonlin,val_y,6,0.3157924368425292,-0.003351082172358577,0.2562391834945019
y~nonlin,val_y,6,0.22927158216866772,-0.0043859671621260254,0.1832215520410334
c2y~nonlin,val_y,6,0.06292923082630852,-0.013629446871762596,0.041878221266598126
answer,val_y,8,0.8066702046710006,-0.007710735155318504,0.7395362960349496
x,val_y,8,0.853039528364115,-0.006246024607827305,0.7962896132261597
c1x,val_y,8,0.969444421866663,-0.010733796472063739,0.9021967819213083
y,val_y,8,0.9861113113202752,-0.011018713316180762,0.9218376511752996
c2y,val_y,8,0.8104651066147215,-0.0008431803499371338,0.7419510855244926
answer~nonlin,val_y,8,0.11228148595878473,-0.005789213145989125,0.09321015321401849
x~nonlin,val_y,8,0.3781829760626634,0.0016924697363210894,0.3511630703906373
c1x~nonlin,val_y,8,0.3052289119063485,-0.010770123475010829,0.2607797241618177
y~nonlin,val_y,8,0.3001659382796191,-0.002255306530595913,0.2386598842279497
c2y~nonlin,val_y,8,0.10904568505289447,-0.013933043784287724,0.08942061551286384
answer,val_y,10,0.7931745549970954,-0.006765198341113443,0.7351278420429292
x,val_y,10,0.8685158387733604,-0.010341184122700353,0.7816358670049182
c1x,val_y,10,0.9707484032671134,-0.005487521919470106,0.8962475742704613
y,val_y,10,0.981741726022928,-0.010478017469156997,0.9135452422024617
c2y,val_y,10,0.7965896417563926,0.0019490524453025238,0.7402903823363984
answer~nonlin,val_y,10,0.12190785219333089,0.0004119254990047061,0.071945259839716
x~nonlin,val_y,10,0.38289916049478545,0.006362573483958078,0.3550191840077366
c1x~nonlin,val_y,10,0.32308639793160077,-0.013013078808069345,0.22797229576028033
y~nonlin,val_y,10,0.3192812142465703,-0.0009636005104007861,0.23596590851220467
c2y~nonlin,val_y,10,0.12053670339677547,-0.014717242994429336,0.06444853652392635
answer,val_y,12,0.7967535257443317,-0.006965760667043686,0.7515950472358155
x,val_y,12,0.8793117395988665,-0.007039603285773577,0.8186592119580783
c1x,val_y,12,0.9752797201550586,-0.004918921052412983,0.9201466157856741
y,val_y,12,0.9799129276250377,-0.01187598771284426,0.9311331364027742
c2y,val_y,12,0.8018667813942383,0.0020048761602119436,0.7555456745670377
answer~nonlin,val_y,12,0.15996886148365685,-0.0036730653619330145,0.05641556091319888
x~nonlin,val_y,12,0.40349961236044973,0.00413741842598514,0.3694012485314734
c1x~nonlin,val_y,12,0.35589258880785946,-0.01115536680187823,0.2377350537736832
y~nonlin,val_y,12,0.37950744357223487,-0.0018596794656764448,0.23995019017061148
c2y~nonlin,val_y,12,0.15952281453570616,-0.014819296566159323,0.05636394494736019
answer,val_y,14,0.8013401856760823,-0.008739609487939948,0.7657737124064214
x,val_y,14,0.8795768290381325,-0.005174682351345661,0.8146185448731074
c1x,val_y,14,0.9746964663553858,-0.007485173465112016,0.9182032928138648
y,val_y,14,0.97950604844896,-0.013819135256911919,0.9236498408144874
c2y,val_y,14,0.8062475493474728,0.0005683595904316663,0.7668160775190924
answer~nonlin,val_y,14,0.13903948558153667,-0.0030475609038276286,0.06735388979264556
x~nonlin,val_y,14,0.42918111378268364,0.006876618043004323,0.3664744927992992
c1x~nonlin,val_y,14,0.33096692870685196,-0.010731070368658724,0.2336327243008871
y~nonlin,val_y,14,0.34017691473047906,-0.0025047831430253797,0.2649156072879548
c2y~nonlin,val_y,14,0.14165381051431936,-0.012693828757325054,0.07186812171606227
answer,val_y,16,0.8573964395535308,-0.010361132944684659,0.7716725276199166
x,val_y,16,0.8795985540994057,-0.0029834129654071617,0.8155391495335077
c1x,val_y,16,0.9457978475464792,-0.011358960869307433,0.8873907270856366
y,val_y,16,0.9531068924125465,-0.011012327960887358,0.8956674147213677
c2y,val_y,16,0.8608717056504743,0.002931823099990072,0.7697866998947567
answer~nonlin,val_y,16,0.12341209286784638,-0.002563926366829117,0.06769361043107247
x~nonlin,val_y,16,0.42905754448735123,0.004017199529421589,0.3813566923959282
c1x~nonlin,val_y,16,0.2656712271273498,-0.006399152980245182,0.23247350891954432
y~nonlin,val_y,16,0.3079735814063155,0.0010737558731243046,0.22587818131016169
c2y~nonlin,val_y,16,0.12707758329444063,-0.010561058853264749,0.07572292251360146
answer,val_y,18,0.8132209270454714,-0.01213164079894935,0.7549159959711033
x,val_y,18,0.860769213388636,-0.004259943691538037,0.7899794822202933
c1x,val_y,18,0.9271582475731253,0.0016583872699746927,0.863705625108721
y,val_y,18,0.9419038345219577,-0.0123531194079467,0.8653077886737477
c2y,val_y,18,0.8107947959051655,0.0008223363770647474,0.7545270784881173
answer~nonlin,val_y,18,0.09775853538936818,-0.005418563647446861,0.03856287132942815
x~nonlin,val_y,18,0.4049613156691725,0.0023849408977888453,0.3606561281567292
c1x~nonlin,val_y,18,0.2357157913673854,-0.009470569807332296,0.14613081302701503
y~nonlin,val_y,18,0.29114528980151166,-0.0005958550006184282,0.13222610378060884
c2y~nonlin,val_y,18,0.09809238885325411,-0.004593970371182365,0.03563923197470886
answer,val_y,20,0.8439238770378933,-0.014289500731840432,0.7189417416377648
x,val_y,20,0.8236622535116753,-0.0024960146112014137,0.7519539502476961
c1x,val_y,20,0.9092795312879596,2.5393444531229825e-05,0.8056136986928969
y,val_y,20,0.9265410152530323,-0.010359015877267064,0.8223093341723712
c2y,val_y,20,0.8445303693208052,-0.003924789955274344,0.7223971307682764
answer~nonlin,val_y,20,0.06736241532308573,-0.007930006569607295,0.05384025200833109
x~nonlin,val_y,20,0.3813759853747828,-0.003572086343767822,0.34024940745901855
c1x~nonlin,val_y,20,0.16703103676242537,-0.009607066511287288,0.12785001122257467
y~nonlin,val_y,20,0.18682904940460276,0.003675278734781573,0.12062082357856085
c2y~nonlin,val_y,20,0.07159312070914736,0.0005678930833323825,0.059022959705467004
answer,val_y,22,0.8573465671441636,-0.011082867935017227,0.766963651956244
x,val_y,22,0.8701124466347443,-0.0006009077207445035,0.7672210144152861
c1x,val_y,22,0.9530973150857633,0.0007634507694368464,0.8656638737302691
y,val_y,22,0.9666149996797327,-0.013362560608526808,0.9027135756298434
c2y,val_y,22,0.8578650329460723,-0.006660156410428053,0.7723627502838002
answer~nonlin,val_y,22,0.0775924476195955,-0.008871000834212772,0.05281128479292363
x~nonlin,val_y,22,0.3955539481425838,0.0010791263103420157,0.3484876308917437
c1x~nonlin,val_y,22,0.24051082741126883,-0.0034757426596618846,0.23414080771313717
y~nonlin,val_y,22,0.2334365347774654,-0.0014397832378372222,0.19828191800837935
c2y~nonlin,val_y,22,0.07928842022727123,-0.003214015091386191,0.05676948768935097
answer,val_y,24,0.8425678513899088,-0.007751958188577879,0.710770047457105
x,val_y,24,0.8963286877644053,-0.003936524281658471,0.7494440637296369
c1x,val_y,24,0.9481814382853069,0.001429148120220991,0.8136586656366392
y,val_y,24,0.9613869090186138,-0.013105752333455456,0.8480185345071456
c2y,val_y,24,0.8421308794520171,-0.005467265221113182,0.7152100409982752
answer~nonlin,val_y,24,0.05341523664422576,-0.0073299098184060885,0.03492552467057941
x~nonlin,val_y,24,0.40530963638475337,0.001607412347997328,0.35039635171976846
c1x~nonlin,val_y,24,0.21689998157112012,-0.0032957124370180946,0.1691850476743173
y~nonlin,val_y,24,0.20868565839902353,-0.0013612238023643641,0.16734841193643912
c2y~nonlin,val_y,24,0.05648246929932699,-0.0028350438080559925,0.0451415660860397
answer,val_y,26,0.8643929336955494,-0.00725465333357711,0.6816119285456469
x,val_y,26,0.8768592971228528,-0.00282954665156665,0.6804650643707402
c1x,val_y,26,0.9272878713095595,-0.001896949888251287,0.7636756577351356
y,val_y,26,0.9457691453556146,-0.011051962165178786,0.7922559488478808
c2y,val_y,26,0.8679404416388614,-0.006443457566685629,0.6828523593889738
answer~nonlin,val_y,26,0.04052120728928588,-0.006816671276573816,0.04177124588315251
x~nonlin,val_y,26,0.37264789776609963,-0.0011149924087705543,0.3131616172061821
c1x~nonlin,val_y,26,0.21228197772967583,-0.0027259024177468394,0.14882787106026973
y~nonlin,val_y,26,0.1940325900945955,0.000775932535746704,0.14101398736781057
c2y~nonlin,val_y,26,0.04783496506086082,-0.005766309300950345,0.04446945643966782
answer,val_y,28,0.8049374715178084,-0.0020420764683526382,0.5868554206551246
x,val_y,28,0.7841616643500089,-0.0010848421938907116,0.6072961290251655
c1x,val_y,28,0.8839878626917382,-0.006723583531864863,0.6472768277885769
y,val_y,28,0.9088219279764255,-0.009529896032611562,0.6856932168058802
c2y,val_y,28,0.8108198638524837,-0.007134907801542578,0.5924207031855451
answer~nonlin,val_y,28,0.05440910471636162,-0.012021579948447547,0.02691656947001453
x~nonlin,val_y,28,0.34372975471105194,0.00313936136052706,0.2714581445182387
c1x~nonlin,val_y,28,0.2227875404161752,-0.0023735857352935597,0.148817816943127
y~nonlin,val_y,28,0.1714512286218699,-0.0033393863835533555,0.11649060708764536
c2y~nonlin,val_y,28,0.05831151708297644,0.0017593548275975923,0.028283947741797766
answer,pre_c2y,0,-0.0016542967647359408,-0.0032845496431888055,-0.0016542928735736595
x,pre_c2y,0,-0.00047397201781618215,-0.0034380184342259756,-0.0004739745828552522
c1x,pre_c2y,0,-0.001176930607882154,-0.0013405293541759455,-0.0011769299131223487
y,pre_c2y,0,-0.0010711810827757073,-0.002816249698053497,-0.0010711815950048553
c2y,pre_c2y,0,-0.0018287939846797219,-0.003188638667741772,-0.0018287922185469263
answer~nonlin,pre_c2y,0,-0.0024158517099683863,-0.0013818710132627032,-0.002415851727610052
x~nonlin,pre_c2y,0,-0.0009376203415001338,-0.0006329593933518396,-0.0009376205808977467
c1x~nonlin,pre_c2y,0,-0.0025018779724848006,-0.002459775324986646,-0.0025018779527428148
y~nonlin,pre_c2y,0,-0.0018619297882844776,-0.000882635107266827,-0.0018619298010493779
c2y~nonlin,pre_c2y,0,-0.002308918077617239,-0.0016795428175129246,-0.002308918142668759
answer,pre_c2y,2,0.2918522228799332,-0.010608380791043981,0.20435371399695534
x,pre_c2y,2,0.2474177073307482,-0.004020691173623581,0.16431958576754546
c1x,pre_c2y,2,0.24575063434568012,-0.007197432926120406,0.17724085061221717
y,pre_c2y,2,0.2701408625770496,-0.011704958796352694,0.19733172013418732
c2y,pre_c2y,2,0.2857656695395905,-0.006302265850454791,0.19745559726255213
answer~nonlin,pre_c2y,2,-0.0038833902745856186,-0.009137224364496932,-0.0048629164195161945
x~nonlin,pre_c2y,2,0.06567078016949224,-0.006339550561801355,0.05388148078837285
c1x~nonlin,pre_c2y,2,0.005170579080978177,-0.0009922260587906795,0.0029498070065415716
y~nonlin,pre_c2y,2,-0.0005180956031280992,-0.0046490938704928375,-0.002091569657021841
c2y~nonlin,pre_c2y,2,-0.002935634921136021,-0.0060712432843801345,-0.005802749881562486
answer,pre_c2y,4,0.5252027390973169,-0.014977587491125322,0.24761310788391122
x,pre_c2y,4,0.5649299896683946,-0.009178309001864893,0.25309680329565154
c1x,pre_c2y,4,0.5476890758841951,-0.0030139392992420966,0.24281017503044655
y,pre_c2y,4,0.552355893742593,-0.014341429430419161,0.24622437576626388
c2y,pre_c2y,4,0.5217537295357519,-0.004958659987115865,0.2495714134127044
answer~nonlin,pre_c2y,4,-0.002086939632986784,-0.008515738204879053,-0.004314271812848602
x~nonlin,pre_c2y,4,0.17112957341644963,-0.005543306412518323,0.08750271661612041
c1x~nonlin,pre_c2y,4,0.015247176332093049,-0.0021053305848683923,0.053794228596375726
y~nonlin,pre_c2y,4,0.0033384533785373316,0.00018498920039189404,0.018445398840827965
c2y~nonlin,pre_c2y,4,-0.002155257808719835,-0.002255205978395125,0.000773915895179611
answer,pre_c2y,6,0.7717953439573437,-0.01674978144514183,0.47774107327488646
x,pre_c2y,6,0.6777256759483148,-0.009792865578516441,0.49258046199347205
c1x,pre_c2y,6,0.7798107231760157,-0.004363532474607412,0.5202455973492346
y,pre_c2y,6,0.7876560759179684,-0.012215936504568203,0.5097341971972995
c2y,pre_c2y,6,0.7726907520963859,-0.007441522950014212,0.47499084828135707
answer~nonlin,pre_c2y,6,0.05385864444593402,-0.011947513686048516,0.0101829819432242
x~nonlin,pre_c2y,6,0.23432246263104728,-0.002769567624359315,0.16292056238814168
c1x~nonlin,pre_c2y,6,0.2398324201061619,-0.0005648497183947665,0.07703583163033412
y~nonlin,pre_c2y,6,0.1908144157745305,-0.0023926535602689647,0.03105255334378665
c2y~nonlin,pre_c2y,6,0.060360200990840496,-0.005147486199767126,0.006842564530025408
answer,pre_c2y,8,0.7330237146010941,-0.01471161503415086,0.497057800325827
x,pre_c2y,8,0.6458714623280517,-0.008612905915009073,0.45151979931019226
c1x,pre_c2y,8,0.7612906420616873,-0.004316366146162265,0.4757090761714623
y,pre_c2y,8,0.7605289217163905,-0.014872293368429768,0.47497209758892234
c2y,pre_c2y,8,0.7313180482794737,-0.010044712487425667,0.49426249049107474
answer~nonlin,pre_c2y,8,0.08387693405384655,-0.008217945672688964,0.055951111572541734
x~nonlin,pre_c2y,8,0.22220009861677648,-0.00837863578340503,0.14817320255715782
c1x~nonlin,pre_c2y,8,0.21550014405734297,-0.0005247438221944734,0.12711463928370492
y~nonlin,pre_c2y,8,0.1467578198636671,0.0004328461906035752,0.06593765355913461
c2y~nonlin,pre_c2y,8,0.0869822954541053,-0.0024997079242488063,0.05219795608364575
answer,pre_c2y,10,0.7634668550111959,-0.014004727728034183,0.5153445331761708
x,pre_c2y,10,0.7012947194483079,-0.010502816336552812,0.45786499703079087
c1x,pre_c2y,10,0.7836000781670293,-0.0017227491483251534,0.5166533390938319
y,pre_c2y,10,0.7832059748426282,-0.015605196641328645,0.4940867575270612
c2y,pre_c2y,10,0.7639649425442653,-0.008202843242678837,0.518337731645365
answer~nonlin,pre_c2y,10,0.08193939491176838,-0.00444800866989592,0.06493663268472505
x~nonlin,pre_c2y,10,0.2634642197713718,-0.004030625516118658,0.20793994884741918
c1x~nonlin,pre_c2y,10,0.16419769841982923,0.0002616230988565782,0.02181228238217492
y~nonlin,pre_c2y,10,0.13001055510955772,0.0015699059295951612,0.038658288750362924
c2y~nonlin,pre_c2y,10,0.08186782078901522,-0.00554075057006731,0.06208387525513115
answer,pre_c2y,12,0.7354860112638335,-0.013800425108340564,0.41690788919647215
x,pre_c2y,12,0.6534067838006252,-0.013688074644921722,0.4090128528698168
c1x,pre_c2y,12,0.7387153471859205,-0.00040693983959338986,0.40894091017905954
y,pre_c2y,12,0.7394379328151921,-0.01695719172226995,0.41094559766713257
c2y,pre_c2y,12,0.735724489109663,-0.006622941117132353,0.4135231166015494
answer~nonlin,pre_c2y,12,0.062491547000181336,-0.007114874206938682,0.02191738331052251
x~nonlin,pre_c2y,12,0.24760500604907842,-0.0018749711551770964,0.1254604473724651
c1x~nonlin,pre_c2y,12,0.09889688177919176,0.0007460520449781294,0.0577659463454544
y~nonlin,pre_c2y,12,0.07875034447777507,-0.0005416423920496793,0.04047780322994965
c2y~nonlin,pre_c2y,12,0.06169587702546475,-0.007214069806319889,0.017670777133698357
answer,pre_c2y,14,0.7858246950914416,-0.013510183622882588,0.5203049916075746
x,pre_c2y,14,0.7118261578242174,-0.011162040829314934,0.48626970038704653
c1x,pre_c2y,14,0.792202181017363,-0.0003254255523412741,0.5152172605951186
y,pre_c2y,14,0.805316645754729,-0.01766533340997478,0.5563361704000274
c2y,pre_c2y,14,0.7843903723351071,-0.005870023739134256,0.5146727851440303
answer~nonlin,pre_c2y,14,0.05952280574042279,-0.008076271227335674,0.040503988554450254
x~nonlin,pre_c2y,14,0.2928668586472385,-0.004243647802530948,0.24780891637564662
c1x~nonlin,pre_c2y,14,0.1304620701362017,-0.0015463456221331828,0.07415420841537024
y~nonlin,pre_c2y,14,0.09590470548273544,0.0002473948815103766,0.05250886589616044
c2y~nonlin,pre_c2y,14,0.04264373463583104,-0.0010165259926033787,0.03999187589169473
answer,pre_c2y,16,0.8029557318956009,-0.01144765866839581,0.5200982859561728
x,pre_c2y,16,0.745161301880022,-0.0073569860548063915,0.47212026027814435
c1x,pre_c2y,16,0.8071795505281685,-0.0019550665949830126,0.5017858611839389
y,pre_c2y,16,0.8204405203596737,-0.012553185762418151,0.5234472541207724
c2y,pre_c2y,16,0.8044287405845427,-0.009890782452272484,0.5198235012506138
answer~nonlin,pre_c2y,16,0.06092449201281991,-0.005491695922773765,0.07669090079770347
x~nonlin,pre_c2y,16,0.3324824794295469,-0.0035308220268233104,0.19793071780743188
c1x~nonlin,pre_c2y,16,0.16362206793819156,-0.004867489575876238,0.10564678962858731
y~nonlin,pre_c2y,16,0.1163085584655773,-0.001054478063100328,0.10145331458351059
c2y~nonlin,pre_c2y,16,0.05563692565265388,-0.0009460083637347072,0.07428992807852197
answer,pre_c2y,18,0.8468254470344636,-0.010307226432137773,0.6306729229741566
x,pre_c2y,18,0.8007167397169961,-0.00852420378824581,0.5128443764396914
c1x,pre_c2y,18,0.8676439731168019,-0.003098718815387924,0.6082878263602758
y,pre_c2y,18,0.8732240696183475,-0.014485781126068353,0.6364424677854279
c2y,pre_c2y,18,0.8460307189366713,-0.011757173698339951,0.6245820948008936
answer~nonlin,pre_c2y,18,0.08611118074563029,-0.007485083753680177,0.05454402228628108
x~nonlin,pre_c2y,18,0.38786467527267965,-0.005606096322833931,0.21891299034204614
c1x~nonlin,pre_c2y,18,0.25164449572268555,-0.0005120630894170919,0.14706434765554477
y~nonlin,pre_c2y,18,0.1741546016430019,0.0020252365897964753,0.13276966124232825
c2y~nonlin,pre_c2y,18,0.08261465096108633,0.0052869436980392814,0.042332636933857026
answer,pre_c2y,20,0.8041031538042578,-0.011770419438813517,0.6131902973617871
x,pre_c2y,20,0.7587013929045177,-0.010403923728385278,0.5433491291179342
c1x,pre_c2y,20,0.8304665514691747,-0.003026929580584925,0.617986582667287
y,pre_c2y,20,0.8362174296699459,-0.010437695320645535,0.6478767321984624
c2y,pre_c2y,20,0.8026338343928913,-0.008053689871649006,0.6087629412011115
answer~nonlin,pre_c2y,20,0.06163397461116116,-0.004519062953332487,0.017429351810687277
x~nonlin,pre_c2y,20,0.3810384081029209,-0.004559457323956906,0.25731272315743525
c1x~nonlin,pre_c2y,20,0.18011941548716892,-0.0025748957072500023,0.06888268139973808
y~nonlin,pre_c2y,20,0.1369595262121106,0.0016828985918081463,0.07396429153084294
c2y~nonlin,pre_c2y,20,0.05732627962414216,-0.0017155938150672512,0.01708094360646939
answer,pre_c2y,22,0.8302762146517861,-0.01371678259236675,0.5994446029435138
x,pre_c2y,22,0.7912006562481672,-0.013897754395115314,0.4746940949121452
c1x,pre_c2y,22,0.8373121564958701,-0.0017644880817464514,0.5699921353287776
y,pre_c2y,22,0.8461314490632807,-0.011135782732128563,0.5941354830672232
c2y,pre_c2y,22,0.8293846747111813,-0.009431302248888551,0.600134593249529
answer~nonlin,pre_c2y,22,0.08359181304249752,-0.0057866298260838,0.010970039703322443
x~nonlin,pre_c2y,22,0.4318467909589694,-0.0028002593213691807,0.28290965705523274
c1x~nonlin,pre_c2y,22,0.14690843666280695,-0.004840424238500285,0.05941293688290361
y~nonlin,pre_c2y,22,0.12303963576975163,-0.002874844879865668,0.07268521944743467
c2y~nonlin,pre_c2y,22,0.08398798141813624,-0.004585039651845202,0.012370920166628219
answer,pre_c2y,24,0.846578560663467,-0.013351163031122937,0.6821784957540595
x,pre_c2y,24,0.7634780701272559,-0.009355263911446254,0.5786645429549009
c1x,pre_c2y,24,0.8234517010538157,7.3445910298231e-05,0.6447811175143859
y,pre_c2y,24,0.8375885255883897,-0.009058149418920136,0.6706005979457788
c2y,pre_c2y,24,0.8475484203055024,-0.008412564019972812,0.6790797857588635
answer~nonlin,pre_c2y,24,0.39428876311174366,-0.002343520961787693,0.21105391075570668
x~nonlin,pre_c2y,24,0.3808812722199283,-0.00819050350139805,0.2715963915038965
c1x~nonlin,pre_c2y,24,0.28540038323719186,-0.004265224764862241,0.21431325572715887
y~nonlin,pre_c2y,24,0.2384372461706603,-0.003327090021345791,0.15481920862874532
c2y~nonlin,pre_c2y,24,0.402375542323148,-0.006512227247436275,0.2125063432129357
answer,pre_c2y,26,0.84798742461495,-0.013319955026349417,0.6579690589275622
x,pre_c2y,26,0.7245747041457098,0.0003560293996344166,0.5013738828424311
c1x,pre_c2y,26,0.8166244886951205,-0.0020854221091866076,0.5693277394490096
y,pre_c2y,26,0.8345430483702331,-0.0039569594479371695,0.6272542191609396
c2y,pre_c2y,26,0.848280102933132,-0.01355270216536808,0.6514034685005836
answer~nonlin,pre_c2y,26,0.42786287658513533,-0.006599894368465531,0.27527436178141407
x~nonlin,pre_c2y,26,0.3281879096230391,-0.00927670230453903,0.25853987605410267
c1x~nonlin,pre_c2y,26,0.2545834161391737,-0.005514861914253322,0.24354286809574166
y~nonlin,pre_c2y,26,0.20899845147525087,-0.004180922522411423,0.16631083115962242
c2y~nonlin,pre_c2y,26,0.43981872508247777,-0.012143124868506217,0.2791954407196271
answer,pre_c2y,28,0.8528591387830528,-0.012786989400061621,0.6308732990600273
x,pre_c2y,28,0.7575629795936407,0.0010225007575869194,0.544406840600828
c1x,pre_c2y,28,0.8329834338696552,-0.0022026182727106214,0.6110928826077043
y,pre_c2y,28,0.8452892086236302,-0.0036818145790851187,0.6153365182517285
c2y,pre_c2y,28,0.8554508568822521,-0.012171734521642774,0.6312326334995637
answer~nonlin,pre_c2y,28,0.4616262899939868,-0.006230656009767799,0.21658312845062755
x~nonlin,pre_c2y,28,0.3296595317415639,-0.009330561028764395,0.2442255821885253
c1x~nonlin,pre_c2y,28,0.26454988592767825,-0.005546981910168114,0.24133581806979298
y~nonlin,pre_c2y,28,0.20935059088451835,-0.0037854237800125645,0.16697504906224603
c2y~nonlin,pre_c2y,28,0.4727325752286967,-0.012085246025494989,0.21908888385284075
answer,val_c2y,0,0.03202610389227478,-0.007009142401821933,0.03173943264995849
x,val_c2y,0,-0.007582940197415899,0.0019464806666261714,-0.0010214703440183381
c1x,val_c2y,0,-0.00637766567473852,-0.01088224650016012,-0.0014423679824484559
y,val_c2y,0,-0.004628858381870327,-0.009658258246346918,-0.0015516300672844263
c2y,val_c2y,0,0.028446608018302677,-0.015725453559854774,0.02950607110827963
answer~nonlin,val_c2y,0,-0.007049250663716089,-0.0031078243387858695,-0.002572369204240754
x~nonlin,val_c2y,0,-0.005305822458903542,-0.005545309455436298,-0.0013479750269362878
c1x~nonlin,val_c2y,0,-0.004858655002361045,-0.010584225633349265,-0.00442591129376857
y~nonlin,val_c2y,0,-0.010039180540303283,-0.010184133143658514,-0.002954956563949507
c2y~nonlin,val_c2y,0,-0.007500878679947531,-0.014793632183455863,-0.002286114253496452
answer,val_c2y,2,0.9875679653414631,-0.011765320507217902,0.9243992347201597
x,val_c2y,2,0.6998441264286498,-0.0049921084446273856,0.676546762042576
c1x,val_c2y,2,0.8265025545308894,-0.010441841056058276,0.7972502938603534
y,val_c2y,2,0.8844949516753651,-0.012656453719297689,0.8516263452526076
c2y,val_c2y,2,0.990403982403155,-0.015462444418761878,0.9329507347370248
answer~nonlin,val_c2y,2,0.3302422268876303,-0.00985773360153508,0.22172518878123937
x~nonlin,val_c2y,2,0.29482673747711763,-0.007111965957290689,0.27490288712961264
c1x~nonlin,val_c2y,2,0.16041859209356502,-0.009561568190537217,0.11144784906541483
y~nonlin,val_c2y,2,0.1039691446260278,-0.018205532678253755,0.05089317420585504
c2y~nonlin,val_c2y,2,0.33164419101382536,-0.004402184610740489,0.2262542875598753
answer,val_c2y,4,0.9808017224332033,-0.009350631761588124,0.9074944983918202
x,val_c2y,4,0.7194084169012925,-0.0016549060039039443,0.6931258935001295
c1x,val_c2y,4,0.8354304609984704,-0.010767045841010958,0.7982760068376675
y,val_c2y,4,0.8866318515153018,-0.014967145717474928,0.8326892629688172
c2y,val_c2y,4,0.9881292809962944,-0.014779416782749077,0.917133019592808
answer~nonlin,val_c2y,4,0.3403621031168682,-0.011307175219655852,0.2656584085788697
x~nonlin,val_c2y,4,0.3066248360698086,-0.009548387579496165,0.26556162021897123
c1x~nonlin,val_c2y,4,0.16617021625102912,-0.011559670444243553,0.15058828022443727
y~nonlin,val_c2y,4,0.11051945920375361,-0.017796654277930646,0.10471005397374611
c2y~nonlin,val_c2y,4,0.3439468620878665,-0.003579029107790621,0.26964793310090085
answer,val_c2y,6,0.9686718591115842,-0.0037177303894511127,0.8706248053867353
x,val_c2y,6,0.7346397940429628,0.0007192140877816389,0.6887149257790127
c1x,val_c2y,6,0.8597108362945798,-0.006327471361353032,0.8094521009474457
y,val_c2y,6,0.8993179562588922,-0.010937949066244679,0.8303893450560955
c2y,val_c2y,6,0.9767056438702324,-0.015923057302219323,0.8806259346762235
answer~nonlin,val_c2y,6,0.30092146531434705,-0.00923339384294164,0.24425565277015338
x~nonlin,val_c2y,6,0.3199336377799742,-0.010401829232868254,0.2753746334579408
c1x~nonlin,val_c2y,6,0.16491668177718033,-0.005186032145026553,0.13801073944384135
y~nonlin,val_c2y,6,0.09875705878028329,-0.012920043473977127,0.09108969749300089
c2y~nonlin,val_c2y,6,0.306322733643696,-0.005225245575519288,0.24797706043744328
answer,val_c2y,8,0.9736117112720526,-0.006680098851682192,0.89317932296045
x,val_c2y,8,0.7846290519965494,-0.009793428510734836,0.7227977690473892
c1x,val_c2y,8,0.8983098598794231,-0.00556333830589284,0.8230181168458236
y,val_c2y,8,0.9256323591666875,-0.010027742824851416,0.8511477922366898
c2y,val_c2y,8,0.9825861823569565,-0.012307767585500784,0.8991118078837724
answer~nonlin,val_c2y,8,0.3456773478338818,-0.008142170892462053,0.28777334413922506
x~nonlin,val_c2y,8,0.3376124365935981,-0.005249579054517728,0.2819646635920582
c1x~nonlin,val_c2y,8,0.1976160618688544,-0.0019127896478834394,0.17400158426648882
y~nonlin,val_c2y,8,0.13430147003962323,-0.00858390410063925,0.1091153440550865
c2y~nonlin,val_c2y,8,0.3477543763720965,-0.007111005899180789,0.28854874781417705
answer,val_c2y,10,0.9729127413804266,-0.006768357596064423,0.8996959454280424
x,val_c2y,10,0.7932257915811392,-0.008000951274126145,0.7316846251865573
c1x,val_c2y,10,0.9069037589716034,-0.004861576456953731,0.8395871430264507
y,val_c2y,10,0.9370915069963291,-0.01258118622222737,0.8612812195203334
c2y,val_c2y,10,0.9773584709331719,-0.007737424672027204,0.9018853289900033
answer~nonlin,val_c2y,10,0.33377007032267547,-0.00543296790149328,0.3027658098108321
x~nonlin,val_c2y,10,0.35202095891777063,-0.0003715760626818998,0.3069033652731
c1x~nonlin,val_c2y,10,0.20433593383698567,-0.005673651835673921,0.18576281810897055
y~nonlin,val_c2y,10,0.1334290470295847,-0.004117231246652642,0.12434246858879039
c2y~nonlin,val_c2y,10,0.3362549545186214,-0.006541619401613241,0.3027470514343408
answer,val_c2y,12,0.9745030009182362,-0.0071814365681523995,0.9011385060985551
x,val_c2y,12,0.8069293026143209,-0.008588580932536782,0.7284979362827092
c1x,val_c2y,12,0.9373859729613983,0.0007027363882831095,0.8394716134261325
y,val_c2y,12,0.9502795211278583,-0.012966255982591601,0.8584979474079222
c2y,val_c2y,12,0.9764093275287635,-0.010111209714816827,0.9017993290660694
answer~nonlin,val_c2y,12,0.34091563053318674,-0.006950702954395593,0.2699501386444505
x~nonlin,val_c2y,12,0.3686031920213534,-0.0024793183566285126,0.3245669566703533
c1x~nonlin,val_c2y,12,0.24361298244845997,-0.003815457486948448,0.17544028599736572
y~nonlin,val_c2y,12,0.17316583133657548,-0.0005467136677013151,0.1195770480380709
c2y~nonlin,val_c2y,12,0.3476810029792373,-0.005519818781616337,0.2686184316483038
answer,val_c2y,14,0.9755358589848395,-0.005117584548609555,0.9219573756918766
x,val_c2y,14,0.823077381867071,-0.00814572128601343,0.7642255299620186
c1x,val_c2y,14,0.9463964335783887,-0.0007122590883634761,0.8729730879823736
y,val_c2y,14,0.9524610583908076,-0.015845930966199573,0.8961468294165361
c2y,val_c2y,14,0.9770654760569092,-0.008012323948190847,0.9270145815434154
answer~nonlin,val_c2y,14,0.3697653557719415,-0.005312769045898058,0.30195532985813234
x~nonlin,val_c2y,14,0.3666234800502143,-0.0030376416562603037,0.31414349162115385
c1x~nonlin,val_c2y,14,0.24152112218219723,-0.0034043291125722686,0.18018418945861225
y~nonlin,val_c2y,14,0.16357974987943247,-0.0017241497561886199,0.15224877365175038
c2y~nonlin,val_c2y,14,0.37520312323131766,-0.008914854471632427,0.3073330212668952
answer,val_c2y,16,0.9670623480300266,-0.0027511515752827176,0.8761701324468847
x,val_c2y,16,0.8256652462846461,-0.010499856325811185,0.736193647105787
c1x,val_c2y,16,0.9566871520199727,0.0007329225083047008,0.8530818072025413
y,val_c2y,16,0.9636403315226013,-0.008857328765176087,0.8682695237797233
c2y,val_c2y,16,0.9694722948364942,-0.0015864600491091174,0.8807598964336035
answer~nonlin,val_c2y,16,0.38343567749130114,-0.0028138185183410602,0.24789195312226464
x~nonlin,val_c2y,16,0.3466920217388103,-0.004096143523341311,0.3385003535297677
c1x~nonlin,val_c2y,16,0.29095721209357595,-0.004745523880350655,0.17924367948643383
y~nonlin,val_c2y,16,0.2268164067344166,-0.002176899230793561,0.12872950905292435
c2y~nonlin,val_c2y,16,0.3945448682257545,-0.014365545980248084,0.2479393697098441
answer,val_c2y,18,0.9606816230032789,-0.004238835157247323,0.855007871075078
x,val_c2y,18,0.840149436131728,-0.01230923972953768,0.7470771692217568
c1x,val_c2y,18,0.9496741263377552,0.0014909358214132418,0.8587101315118479
y,val_c2y,18,0.9570405354882467,-0.00898055939900666,0.8735346304591222
c2y,val_c2y,18,0.9624398612017311,-0.0029648038796898923,0.8548706768723033
answer~nonlin,val_c2y,18,0.39845315897508415,-0.003191421388547111,0.25230288008970136
x~nonlin,val_c2y,18,0.3852648778981167,-0.0031874823033040123,0.3286802225399401
c1x~nonlin,val_c2y,18,0.3274956573297402,-0.00437122228376241,0.1901614929346891
y~nonlin,val_c2y,18,0.28128081901241175,0.003343108402408923,0.16551697584558867
c2y~nonlin,val_c2y,18,0.4137023768239475,-0.01501339757587461,0.2511516348479579
answer,val_c2y,20,0.9414405344015219,-0.007557164008687778,0.8402082728771679
x,val_c2y,20,0.8304699718447871,-0.008979556398740263,0.6827530778668409
c1x,val_c2y,20,0.9326370469821802,0.00434636383407716,0.7997400390528939
y,val_c2y,20,0.9391177915591341,-0.011335263175833665,0.8248113693512451
c2y,val_c2y,20,0.9436289621981275,-0.005074047251249603,0.8396651747879105
answer~nonlin,val_c2y,20,0.325572810735539,-0.0077960086785975324,0.2536390862219938
x~nonlin,val_c2y,20,0.38247212875005454,0.0010904033896225185,0.28708215896493317
c1x~nonlin,val_c2y,20,0.24800879338006254,-0.0014424331507800758,0.1509666994842589
y~nonlin,val_c2y,20,0.20933199834344574,0.005858165169569163,0.10779868611731569
c2y~nonlin,val_c2y,20,0.3372148324313661,-0.01183592101276143,0.25099453436209396
answer,val_c2y,22,0.9501725843329539,-0.00883392038212949,0.8449142395497223
x,val_c2y,22,0.8259796894652915,-0.00578771014148205,0.6722790270752222
c1x,val_c2y,22,0.9339394004084378,0.0032909911488977484,0.807355622306469
y,val_c2y,22,0.943504026266476,-0.013905239497061128,0.8275772802126605
c2y,val_c2y,22,0.9519376643990368,-0.007453427967653692,0.8424984873969252
answer~nonlin,val_c2y,22,0.3106760051897801,-0.0046435701993161604,0.2308770210530645
x~nonlin,val_c2y,22,0.36772737713226067,0.00044154540909358,0.28052157943015943
c1x~nonlin,val_c2y,22,0.2331267062022886,-0.0037922455654284537,0.1654272047369546
y~nonlin,val_c2y,22,0.16162829916589772,0.002887842560096665,0.11052506050457211
c2y~nonlin,val_c2y,22,0.3191940718043893,-0.008884104123759506,0.22664119248214876
answer,val_c2y,24,0.9406543128592657,-0.007096364048406967,0.7838383074857909
x,val_c2y,24,0.8036590679893385,-0.006592532706051202,0.6356699104018286
c1x,val_c2y,24,0.9173357067032243,0.0022260952417392232,0.7631429622111479
y,val_c2y,24,0.9314473855048905,-0.015127910886948426,0.7683090032522348
c2y,val_c2y,24,0.9405136390528664,-0.007053919981446999,0.7804774317341163
answer~nonlin,val_c2y,24,0.23394906975096186,-0.0055752909980251175,0.19613777554202727
x~nonlin,val_c2y,24,0.34322062084565497,-0.00220324213293277,0.25422627594429337
c1x~nonlin,val_c2y,24,0.15634002945337755,-0.00031806818835811157,0.15263656604448905
y~nonlin,val_c2y,24,0.11144586346053842,0.00568043931486617,0.11417965930377683
c2y~nonlin,val_c2y,24,0.23210191472767538,-0.009471153811688504,0.20037962273710586
answer,val_c2y,26,0.9165104062311984,-0.005683021919955511,0.7212624132594557
x,val_c2y,26,0.77032500739841,-0.00726439101970322,0.5700919671017368
c1x,val_c2y,26,0.8932393910108114,0.0011999835984849438,0.6855814565585233
y,val_c2y,26,0.9099628217677656,-0.012042640849933228,0.6882970830464828
c2y,val_c2y,26,0.9167709445855123,-0.010281271528357117,0.7188045985781448
answer~nonlin,val_c2y,26,0.2506077062435016,-0.003628751372236394,0.20158396016261781
x~nonlin,val_c2y,26,0.336218122764103,-0.006826477225261973,0.25349805276579274
c1x~nonlin,val_c2y,26,0.16558362752699218,-0.001445064934192608,0.12692666229478178
y~nonlin,val_c2y,26,0.11617754986375906,0.006032068137481028,0.0798784227052931
c2y~nonlin,val_c2y,26,0.2531526123261765,-0.012315129842583428,0.20231899576561618
answer,val_c2y,28,0.8911499008365358,-0.006200186797055363,0.5959080311992494
x,val_c2y,28,0.7271049108195353,-0.005339440710397714,0.4863073863703551
c1x,val_c2y,28,0.8695540545365669,-0.000720318236381301,0.5350629677807408
y,val_c2y,28,0.8859912243068055,-0.010759362228888625,0.5644216298154676
c2y,val_c2y,28,0.891478715765512,-0.010594031060559672,0.5940036773618942
answer~nonlin,val_c2y,28,0.2406152176009526,-0.0031340566887732013,0.01440158577607098
x~nonlin,val_c2y,28,0.3146768636285433,-0.003039264025458177,0.20627759928392453
c1x~nonlin,val_c2y,28,0.18798581902370282,-0.00018116737169071584,0.0505218527685406
y~nonlin,val_c2y,28,0.10448572436432857,0.005427415846661954,0.006344080009013431
c2y~nonlin,val_c2y,28,0.2484382497832962,-0.011653828167817792,0.029649441528381226
answer,pre_ans,0,-0.0016542967647359408,-0.0032845496431888055,-0.0016542928735736595
x,pre_ans,0,-0.00047397201781618215,-0.0034380184342259756,-0.0004739745828552522
c1x,pre_ans,0,-0.001176930607882154,-0.0013405293541759455,-0.0011769299131223487
y,pre_ans,0,-0.0010711810827757073,-0.002816249698053497,-0.0010711815950048553
c2y,pre_ans,0,-0.0018287939846797219,-0.003188638667741772,-0.0018287922185469263
answer~nonlin,pre_ans,0,-0.0024158517099683863,-0.0013818710132627032,-0.002415851727610052
x~nonlin,pre_ans,0,-0.0009376203415001338,-0.0006329593933518396,-0.0009376205808977467
c1x~nonlin,pre_ans,0,-0.0025018779724848006,-0.002459775324986646,-0.0025018779527428148
y~nonlin,pre_ans,0,-0.0018619297882844776,-0.000882635107266827,-0.0018619298010493779
c2y~nonlin,pre_ans,0,-0.002308918077617239,-0.0016795428175129246,-0.002308918142668759
answer,pre_ans,2,0.7160741386177245,-0.010296592467977428,0.4853488563308702
x,pre_ans,2,0.5547911151279844,-0.0025103454313053497,0.3471994944603515
c1x,pre_ans,2,0.6167814087171972,-0.012068219658861956,0.3884775679302711
y,pre_ans,2,0.6478075550542957,-0.011138548896747036,0.4215664540296896
c2y,pre_ans,2,0.7132383058618603,-0.006752981055847096,0.48173308709461626
answer~nonlin,pre_ans,2,0.028586474499068926,-0.006704457164256716,0.04547589091818505
x~nonlin,pre_ans,2,0.19219201639522943,-0.006977198071449253,0.11922087067931686
c1x~nonlin,pre_ans,2,0.04026730666885936,-0.001231876559027123,0.03347182096916801
y~nonlin,pre_ans,2,0.007775846922153717,-0.004673418427882936,0.00920523792495842
c2y~nonlin,pre_ans,2,0.0321346981263082,-0.006496647529873556,0.03374655954183181
answer,pre_ans,4,0.9097959062563897,-0.010713132189677177,0.7647227656940824
x,pre_ans,4,0.754519715884414,-0.007509918761969381,0.5462221429706606
c1x,pre_ans,4,0.8452341159095613,-0.006560746220725777,0.6452770829052801
y,pre_ans,4,0.8586508707126538,-0.012121511840289312,0.6790760733300698
c2y,pre_ans,4,0.9080960787366745,-0.008643872430682098,0.7620627112513025
answer~nonlin,pre_ans,4,0.1570808432323363,-0.008966127448242434,0.09985168467007144
x~nonlin,pre_ans,4,0.2992795480897671,-0.004038073530632902,0.2270145338099483
c1x~nonlin,pre_ans,4,0.13415063055456167,-0.0005728134848610456,0.10134621751743378
y~nonlin,pre_ans,4,0.07640382958893588,0.00036763895341085373,0.056608788130075194
c2y~nonlin,pre_ans,4,0.15910857055410832,-0.004971244615213477,0.10747173456706238
answer,pre_ans,6,0.9182945050421061,-0.01376761568390883,0.793049690500087
x,pre_ans,6,0.8092305890916128,-0.007850581808267032,0.6683388650760818
c1x,pre_ans,6,0.907383646523765,-0.006847861225208307,0.7639170843965155
y,pre_ans,6,0.9116624500307301,-0.01342634728418246,0.7574239541251488
c2y,pre_ans,6,0.9176836339085058,-0.008831737218556235,0.7916273386805622
answer~nonlin,pre_ans,6,0.13512482043419416,-0.010446655295483609,0.10405314637586816
x~nonlin,pre_ans,6,0.3168519505829237,-0.002518928132699605,0.2531640183389342
c1x~nonlin,pre_ans,6,0.2143135752907538,-4.0893670268493665e-05,0.13031561556544224
y~nonlin,pre_ans,6,0.13380176619056006,-0.0012024792347922197,0.09736426991459513
c2y~nonlin,pre_ans,6,0.1362480669525501,-0.004737127946551345,0.10215012092932618
answer,pre_ans,8,0.9155044444784006,-0.013846826370013998,0.7106372156132259
x,pre_ans,8,0.7873030681455623,-0.010515147786741563,0.6210436822667851
c1x,pre_ans,8,0.8980807465550931,-0.005318749062477535,0.694171406626185
y,pre_ans,8,0.9041536318641568,-0.01154844637722241,0.7129174602393265
c2y,pre_ans,8,0.9154893741911072,-0.005756279532847186,0.7080521632988628
answer~nonlin,pre_ans,8,0.15614564429706224,-0.01100475060415862,0.05914983039067079
x~nonlin,pre_ans,8,0.31660066107821416,-0.0037738766988053563,0.2619528117076576
c1x~nonlin,pre_ans,8,0.16409925294890237,-0.00028119016202010627,0.13889070431366157
y~nonlin,pre_ans,8,0.10076355547247573,0.0015484131326779504,0.07067704843560685
c2y~nonlin,pre_ans,8,0.1602111967599935,-0.0019720357733690186,0.05744043606587079
answer,pre_ans,10,0.8822403824906931,-0.014365755110504974,0.6716708351429549
x,pre_ans,10,0.7717635826361877,-0.011329972800405264,0.5916616809722899
c1x,pre_ans,10,0.8833891269792634,-0.007157493799769821,0.6092977351037594
y,pre_ans,10,0.8920586114339026,-0.010712137797396881,0.6459008608850504
c2y,pre_ans,10,0.8825583560927476,-0.007185516278554571,0.6688672667231274
answer~nonlin,pre_ans,10,0.16198062386117018,-0.009791326459433147,0.09722548230340278
x~nonlin,pre_ans,10,0.30888149143686405,-0.0009169850545960312,0.2562952376829346
c1x~nonlin,pre_ans,10,0.2119051947245656,0.00035600013394376795,0.1449630603246076
y~nonlin,pre_ans,10,0.13439579002449464,0.00531683990298637,0.10846818522526847
c2y~nonlin,pre_ans,10,0.16259723334124132,0.00021046520126988266,0.10658542156884565
answer,pre_ans,12,0.8916207345037762,-0.009320503413104753,0.657259892203371
x,pre_ans,12,0.7813639737488379,-0.008520105139460998,0.5695591445348792
c1x,pre_ans,12,0.8878716258443522,-0.0034105708128162604,0.6483475372923077
y,pre_ans,12,0.8958918119158562,-0.012333896776357767,0.64369534414102
c2y,pre_ans,12,0.8918363975873986,-0.009628001965053201,0.6585292919978032
answer~nonlin,pre_ans,12,0.18265084204665505,-0.013076913858395267,0.11166876905213552
x~nonlin,pre_ans,12,0.3198389780732437,-0.0030529739025986213,0.24921786443057747
c1x~nonlin,pre_ans,12,0.19587102619445507,0.000149948282722967,0.11546671289636479
y~nonlin,pre_ans,12,0.10247935996887247,0.003023028156872165,0.09670776864354425
c2y~nonlin,pre_ans,12,0.17809455567452226,0.0008038488355738282,0.11483380835694201
answer,pre_ans,14,0.8744592306267438,-0.01124767414594019,0.6849822226051622
x,pre_ans,14,0.772306345282233,-0.008647856234008877,0.5467766878931495
c1x,pre_ans,14,0.877136253618133,-0.003675054561622648,0.6623207696336872
y,pre_ans,14,0.8855501973852201,-0.014016983185638487,0.6806080818350114
c2y,pre_ans,14,0.8739285999728704,-0.009163609835290298,0.6841056798628868
answer~nonlin,pre_ans,14,0.19046617854251802,-0.014420528720912484,0.10920850831169526
x~nonlin,pre_ans,14,0.31794157085415586,-0.0033608415982295803,0.2164522835122874
c1x~nonlin,pre_ans,14,0.17601133451233353,0.0014356614556136904,0.09118190780428337
y~nonlin,pre_ans,14,0.11544725204944273,0.00534105744386959,0.05594354653113731
c2y~nonlin,pre_ans,14,0.17779330512507263,0.0003380531850166735,0.09636763712275387
answer,pre_ans,16,0.86512965312232,-0.01071986165227723,0.6161799417105991
x,pre_ans,16,0.7591987670175958,-0.014551660791818133,0.5257931956024657
c1x,pre_ans,16,0.8635872944806462,-0.004328308592756791,0.6016803857407689
y,pre_ans,16,0.8743614319519337,-0.014235036995026373,0.5977247764630782
c2y,pre_ans,16,0.8647940019188054,-0.0082621895761541,0.6174246691655879
answer~nonlin,pre_ans,16,0.1780740237029972,-0.01660888343014033,0.037195141490335204
x~nonlin,pre_ans,16,0.3158736608646703,-0.0036902744477644855,0.2133730385677376
c1x~nonlin,pre_ans,16,0.17450577070919993,-0.00019649308962033096,0.07763646877248864
y~nonlin,pre_ans,16,0.117295315896771,0.005232810884862937,0.04426696388958984
c2y~nonlin,pre_ans,16,0.16795012537352005,0.0001228037914008384,0.04139011538658455
answer,pre_ans,18,0.8520426582680476,-0.00869700062476264,0.6024594159290733
x,pre_ans,18,0.7732820541942785,-0.005876271482026185,0.4592828150905247
c1x,pre_ans,18,0.8569028440508921,-0.004162080318977468,0.5919939957888449
y,pre_ans,18,0.8621211608066156,-0.01577295698568615,0.5984449044732973
c2y,pre_ans,18,0.8532013025717046,-0.008392947657250405,0.5932910117924516
answer~nonlin,pre_ans,18,0.17383877696768768,-0.014981558238431614,0.0807852500160623
x~nonlin,pre_ans,18,0.3610564644017876,-0.0031262299622021317,0.18460616651362982
c1x~nonlin,pre_ans,18,0.19155584464820363,0.000291529088991771,0.11873177430392712
y~nonlin,pre_ans,18,0.17299240523277037,0.00327747802730205,0.0788335260100429
c2y~nonlin,pre_ans,18,0.1740139859551969,0.0015945699921993128,0.08864805666870179
answer,pre_ans,20,0.8565294993136988,-0.0077831391126854665,0.5867869686105269
x,pre_ans,20,0.7644292308974177,-0.014264161866831104,0.5104394621171935
c1x,pre_ans,20,0.861545668416171,-0.002638917245316952,0.6005257736972791
y,pre_ans,20,0.8668968518502373,-0.016002798343322855,0.6197944947594247
c2y,pre_ans,20,0.8545359417781746,-0.01016685399887951,0.5887497082183295
answer~nonlin,pre_ans,20,0.14299978994366302,-0.011750789984075194,0.02828536012454108
x~nonlin,pre_ans,20,0.37222758643629084,-0.0021294899696842062,0.23407314719410044
c1x~nonlin,pre_ans,20,0.18144743780674255,0.0016374487971243523,0.06491724444740499
y~nonlin,pre_ans,20,0.15976528382827737,0.003323599493549434,0.03907550655248104
c2y~nonlin,pre_ans,20,0.14506264433200577,-0.002492276388811998,0.030474141279602907
answer,pre_ans,22,0.8398598109130948,-0.010489720784811363,0.6112971229401074
x,pre_ans,22,0.7142058092091019,-0.010056681663572986,0.49400354022466975
c1x,pre_ans,22,0.8543762442854377,-0.003567772945549219,0.5969852673259202
y,pre_ans,22,0.8622922940262548,-0.0109149895333287,0.6295905895051492
c2y,pre_ans,22,0.8400692018005202,-0.006929321332927341,0.610743773639919
answer~nonlin,pre_ans,22,0.09025017316550699,-0.013065903874193818,0.04821278404286766
x~nonlin,pre_ans,22,0.32422108759808577,-0.003915303489321564,0.17351407176838252
c1x~nonlin,pre_ans,22,0.12083541808699616,-0.002256007899451129,0.054109697653093924
y~nonlin,pre_ans,22,0.08547625306321427,0.007257946669348758,0.030871105709388225
c2y~nonlin,pre_ans,22,0.10148020996284768,-0.007545606224199197,0.05140332166599959
answer,pre_ans,24,0.8764461013985497,-0.00992925299584746,0.7222439273319106
x,pre_ans,24,0.7452792266094479,-0.006183476094899554,0.5500017051367938
c1x,pre_ans,24,0.8637680392274155,-0.0014813693247319737,0.6558697907285536
y,pre_ans,24,0.881543008140763,-0.006657549434441856,0.6972042967199832
c2y,pre_ans,24,0.8778931764086668,-0.007586567137140454,0.7241610428201627
answer~nonlin,pre_ans,24,0.25439523292842603,-0.009859128689531538,0.17083583954505466
x~nonlin,pre_ans,24,0.334622273599522,-0.007262586011201444,0.2933252314933693
c1x~nonlin,pre_ans,24,0.1827839931450197,-0.003222100634910907,0.10809794567771325
y~nonlin,pre_ans,24,0.14005554048495783,0.0030657116933021644,0.07500286811688617
c2y~nonlin,pre_ans,24,0.26434840821076355,-0.007478203373369352,0.17269753097812113
answer,pre_ans,26,0.8611274952787953,-0.00974259205320438,0.6269141137634715
x,pre_ans,26,0.6983659760201206,-0.007302734007620382,0.4798070075871167
c1x,pre_ans,26,0.8375623187606664,2.821969510935496e-05,0.5844936962598686
y,pre_ans,26,0.8684292050774213,-0.008376855274293549,0.60314166572694
c2y,pre_ans,26,0.8616421498634812,-0.009976808982642638,0.6228534249747608
answer~nonlin,pre_ans,26,0.2771682570240398,-0.010673677650864022,0.16238569506066558
x~nonlin,pre_ans,26,0.3186518956121459,-0.009088921662645744,0.21870740286244517
c1x~nonlin,pre_ans,26,0.17407357627194253,-0.0030812289913606516,0.12721462486735025
y~nonlin,pre_ans,26,0.1373786565191768,0.0026013202938843794,0.11405212766370465
c2y~nonlin,pre_ans,26,0.28732847251931337,-0.005016889439516392,0.17193298974218596
answer,pre_ans,28,0.860005552434429,-0.009517116313091378,0.6048673094909747
x,pre_ans,28,0.6921309614283955,-0.006668580986386896,0.510435928361237
c1x,pre_ans,28,0.8390148279335753,-0.0030791106299683513,0.5962898980830278
y,pre_ans,28,0.8644869678961533,-0.010392087859647292,0.6020555610627093
c2y,pre_ans,28,0.8594298894162682,-0.010237910738671196,0.6047934792028551
answer~nonlin,pre_ans,28,0.28117647481599106,-0.01057456960305414,0.1455387412604323
x~nonlin,pre_ans,28,0.31576067637627137,-0.00984890663168092,0.2290480422333805
c1x~nonlin,pre_ans,28,0.1750431892103006,-0.002527776444853469,0.1226138414324236
y~nonlin,pre_ans,28,0.13491009784059982,0.0008119805962732984,0.09922544610375139
c2y~nonlin,pre_ans,28,0.29387362660617833,-0.004780894273309189,0.1589761026748956
answer,val_ans,0,-0.0018481896723960833,-0.009348721301871477,-0.00180954372824349
x,val_ans,0,-0.004776970740451025,-0.00931096083974059,-0.00025082473233029035
c1x,val_ans,0,-0.002606472021285944,-0.0029272848989179145,-0.0012320774169527482
y,val_ans,0,-0.002914612278534179,-0.007232595834061328,-0.0010317028742143908
c2y,val_ans,0,-0.0015253685361813485,-0.0013938835809099714,-0.002121670935294917
answer~nonlin,val_ans,0,-0.012490800493772047,-0.008939453765932415,-0.006796065758165604
x~nonlin,val_ans,0,-0.008457448006348178,-0.014601138455184293,-0.0019390499307581077
c1x~nonlin,val_ans,0,-0.012624895890508636,-0.000544908306556291,-0.003561411885676158
y~nonlin,val_ans,0,-0.014625483806366857,-0.0023177660505151465,-0.005570554462075217
c2y~nonlin,val_ans,0,-0.013060175382106909,-0.00983244506379477,-0.005120238182711123
answer,val_ans,2,0.9900922823633579,-0.008093265402060013,0.9284162357665512
x,val_ans,2,0.6773922874592322,-0.010150796051143107,0.6532471841302792
c1x,val_ans,2,0.7894781931136019,-0.010149660492422052,0.7576848122310665
y,val_ans,2,0.8385207366890439,0.0014358599804508154,0.8038180987952086
c2y,val_ans,2,0.9871701890038413,-0.004105876102175943,0.9239134706830732
answer~nonlin,val_ans,2,0.32882011233066244,-0.013079131759325513,0.2318024430421901
x~nonlin,val_ans,2,0.26476979922206323,-0.016326288132665567,0.25346928699410987
c1x~nonlin,val_ans,2,0.16865005632488672,-0.012973956280500687,0.14497385513705552
y~nonlin,val_ans,2,0.10933932651757239,-0.0005494133252306188,0.0716816331853043
c2y~nonlin,val_ans,2,0.3391341706026759,-0.0073050539451195995,0.25118723693016876
answer,val_ans,4,0.9886732114420868,-0.012111566943043828,0.9233096677018757
x,val_ans,4,0.6846920394201235,-0.007075547018148942,0.6230530689122866
c1x,val_ans,4,0.7945596406872134,-0.011246829200467934,0.7308262974244779
y,val_ans,4,0.841925964104332,-0.002501681280922874,0.7753990489189031
c2y,val_ans,4,0.9821937792665618,-0.003595379894537176,0.9189008277643073
answer~nonlin,val_ans,4,0.34681978862691143,-0.009067270466182942,0.2810787037761777
x~nonlin,val_ans,4,0.268818479733122,-0.0172917137925368,0.2282397767391463
c1x~nonlin,val_ans,4,0.1839538449593624,-0.005138509013434156,0.14359672510510413
y~nonlin,val_ans,4,0.12065185662210065,-0.0036377684011006384,0.10059377439473183
c2y~nonlin,val_ans,4,0.357211761532221,-0.0029152675210517565,0.29163078067628745
answer,val_ans,6,0.9765131378335554,-0.01308469626786768,0.8697094635801518
x,val_ans,6,0.6949015612152509,-0.004725609026488442,0.6013934142059473
c1x,val_ans,6,0.8036356057368546,-0.005343627259229544,0.7065409612011571
y,val_ans,6,0.857136539977271,-0.001698785509523848,0.7591887591470441
c2y,val_ans,6,0.9715544682085749,-0.007952725227104551,0.868270972184642
answer~nonlin,val_ans,6,0.32689746711496037,-0.011063144060534436,0.2464419708791975
x~nonlin,val_ans,6,0.27141405415857145,-0.012293851884536577,0.23385359433803987
c1x~nonlin,val_ans,6,0.18792120121748213,-0.005526995790844813,0.14645069503224417
y~nonlin,val_ans,6,0.11948588614414313,-0.0003553566909892947,0.10742576227075162
c2y~nonlin,val_ans,6,0.34117961171924027,-0.006633984952701066,0.2627617082725492
answer,val_ans,8,0.9757319470067346,-0.013774512770538205,0.8924814462913045
x,val_ans,8,0.7394903669087289,-0.005214476821551628,0.6697290675336512
c1x,val_ans,8,0.8286910358332054,-0.0048552964585790725,0.7597934316228117
y,val_ans,8,0.870352461505448,-0.0048077580170906575,0.7918306191290052
c2y,val_ans,8,0.9750333287134371,-0.0008430284730642779,0.8868986894821241
answer~nonlin,val_ans,8,0.33080655491396105,-0.01579229386594494,0.2597554819988437
x~nonlin,val_ans,8,0.28789620320669806,-0.01852630008890732,0.2776811990977637
c1x~nonlin,val_ans,8,0.1846652697853539,-0.0011788840961037828,0.16948738010496311
y~nonlin,val_ans,8,0.12918904271875276,-0.00024087834982666756,0.10946602173760112
c2y~nonlin,val_ans,8,0.3391160795756585,-0.003682016788059128,0.27406880704067216
answer,val_ans,10,0.9681127680920035,-0.018391389859424345,0.8689000011508131
x,val_ans,10,0.7695852915518687,-0.007197587265968197,0.6553145862554028
c1x,val_ans,10,0.8656289063187423,-0.004906537698185387,0.7513645772780599
y,val_ans,10,0.9011200820477512,-0.009297365621283804,0.782058512960629
c2y,val_ans,10,0.9685079690522065,0.002058666941850529,0.8715656875259357
answer~nonlin,val_ans,10,0.31609036336650886,-0.014497875415426575,0.2394952909511764
x~nonlin,val_ans,10,0.2850905793001627,-0.016233717829963412,0.24919074443732347
c1x~nonlin,val_ans,10,0.18246370640618959,-0.001067019909317457,0.16191836831943796
y~nonlin,val_ans,10,0.12235308410619916,0.0016054501194082693,0.09468416250736134
c2y~nonlin,val_ans,10,0.3253258161804814,-0.005314166375053553,0.2503634990151856
answer,val_ans,12,0.9643645785404903,-0.019201107246236138,0.8757493473859581
x,val_ans,12,0.7986992374705024,-0.003822010152580324,0.6811928944290782
c1x,val_ans,12,0.9113319788195232,-0.004757829069237829,0.7701862975797811
y,val_ans,12,0.9253581019704931,-0.012257077363161839,0.8067634254188165
c2y,val_ans,12,0.9632507139343319,0.003474075870436466,0.869965754856066
answer~nonlin,val_ans,12,0.3066162004950389,-0.014333328848906035,0.2131877906541122
x~nonlin,val_ans,12,0.3108833543094188,-0.01664982331193232,0.26274328458039153
c1x~nonlin,val_ans,12,0.22346473169249526,-0.0020265020979566284,0.16892154207662058
y~nonlin,val_ans,12,0.1348851692903038,0.003808569301807063,0.09816082596765563
c2y~nonlin,val_ans,12,0.30793548970012696,-0.005878904825895148,0.21720970472984935
answer,val_ans,14,0.9641594732474021,-0.014067103435455808,0.8642057134986746
x,val_ans,14,0.803804444934783,-0.005890208723967838,0.6935801659735639
c1x,val_ans,14,0.9153775158415247,-0.004825921267952671,0.785685682734356
y,val_ans,14,0.9303400448006707,-0.010378274686385414,0.8176649594954022
c2y,val_ans,14,0.963936345595835,0.001525965947254626,0.8621653836360235
answer~nonlin,val_ans,14,0.2915319836044957,-0.01358140757826165,0.21092904667132817
x~nonlin,val_ans,14,0.3157812195043599,-0.017924264033681414,0.27401927080098
c1x~nonlin,val_ans,14,0.21282516465989743,-0.003838122326542237,0.13895276434727932
y~nonlin,val_ans,14,0.13299710890628103,0.0010580644490556512,0.07804973039604901
c2y~nonlin,val_ans,14,0.2992701665293942,-0.0026147862674918976,0.21883279681775147
answer,val_ans,16,0.9538247313202035,-0.015233682561972328,0.8651339778050818
x,val_ans,16,0.7933547465724127,-0.006352314828044436,0.6823620125513739
c1x,val_ans,16,0.9214762454862778,-0.004621316868478331,0.7776707060893884
y,val_ans,16,0.9375779565622725,-0.011379746697618653,0.8127826444685897
c2y,val_ans,16,0.9538090842061013,-0.0028467302246524273,0.862240241588984
answer~nonlin,val_ans,16,0.32827211208771856,-0.013057988376456331,0.2152921252529737
x~nonlin,val_ans,16,0.31713903116690956,-0.01839268233785174,0.2609159940212834
c1x~nonlin,val_ans,16,0.21973697442318818,-0.005799187296526398,0.1480904036074826
y~nonlin,val_ans,16,0.12892877543056347,0.0013989149558704117,0.08918526152292261
c2y~nonlin,val_ans,16,0.33175634698075995,-0.004853899856675836,0.21955824745484975
answer,val_ans,18,0.9489159825018982,-0.014357047542612023,0.845417704121511
x,val_ans,18,0.7853681906926903,-0.007993032802211086,0.7030432414088887
c1x,val_ans,18,0.9176544308552977,-0.008242588505028126,0.7978593359550572
y,val_ans,18,0.9348039570440454,-0.0090613965315689,0.8122723898600762
c2y,val_ans,18,0.9490870519049746,-0.005830860293740026,0.8371430390505366
answer~nonlin,val_ans,18,0.2889026039803083,-0.011729556514740613,0.19379138423586406
x~nonlin,val_ans,18,0.31427343677774033,-0.015844715943222454,0.29208146869296125
c1x~nonlin,val_ans,18,0.2124675487120984,-0.007402737384809566,0.1570804794881807
y~nonlin,val_ans,18,0.14205484509928645,0.0031843111520721834,0.09110383296568803
c2y~nonlin,val_ans,18,0.3036382734884274,-0.004040092352634916,0.19525805234857752
answer,val_ans,20,0.9297231061800992,-0.011969836462231598,0.8290489442572404
x,val_ans,20,0.7875068163460779,-0.009275424864534587,0.6260000224160996
c1x,val_ans,20,0.8998739665750504,-0.00859732595882634,0.7422028484919526
y,val_ans,20,0.9110138167159436,-0.010029562819044102,0.7849823928308977
c2y,val_ans,20,0.9297877242183897,-0.010088137717959134,0.8278334764453535
answer~nonlin,val_ans,20,0.24242295920963408,-0.008746353654653483,0.19095092264104174
x~nonlin,val_ans,20,0.33494128148556823,-0.01631786916957534,0.239087898906731
c1x~nonlin,val_ans,20,0.20032543346528497,-0.008998398817745556,0.1444117539448574
y~nonlin,val_ans,20,0.12377577968475528,0.0030033772471133036,0.08796073118454006
c2y~nonlin,val_ans,20,0.2552985712239756,-0.0004420951246832949,0.19505561997761378
answer,val_ans,22,0.9486813199865587,-0.009295391059734426,0.8450109760137381
x,val_ans,22,0.7745119011071696,-0.011830713867299503,0.6761886656640814
c1x,val_ans,22,0.9011125143208168,-0.01051733563879087,0.7886703922504104
y,val_ans,22,0.9185615289805082,-0.005620023030853849,0.8255549559404133
c2y,val_ans,22,0.9473328861672322,-0.010614842664310231,0.8387238691862742
answer~nonlin,val_ans,22,0.24809725265315197,-0.00911863382605338,0.1709447072645034
x~nonlin,val_ans,22,0.3222154639856236,-0.018360391410019883,0.2597106191189713
c1x~nonlin,val_ans,22,0.17495688555357736,-0.005803505702892453,0.13190280440680113
y~nonlin,val_ans,22,0.12166293948737328,0.0014828759761920107,0.08497405508095046
c2y~nonlin,val_ans,22,0.2587600594093151,-0.0017739308048607683,0.1678264440847398
answer,val_ans,24,0.9415733617993229,-0.007883238006076487,0.8180637557981956
x,val_ans,24,0.7858477560446614,-0.01345552891042967,0.672734687867927
c1x,val_ans,24,0.897473744634481,-0.008305658323825682,0.7832850337225745
y,val_ans,24,0.9203179953450158,-0.006025628279997974,0.8026813461268971
c2y,val_ans,24,0.9395443176766832,-0.011482224011642561,0.8098831780429154
answer~nonlin,val_ans,24,0.2130723066303024,-0.008146609176918007,0.17127602806101971
x~nonlin,val_ans,24,0.3323716466881629,-0.019340480246753167,0.30324176515402923
c1x~nonlin,val_ans,24,0.16246231861482718,-0.005858536609241627,0.13041260105526276
y~nonlin,val_ans,24,0.10541436414992733,0.0012179321297846046,0.08184276761929143
c2y~nonlin,val_ans,24,0.22604330820543583,-0.004734775840375072,0.17588833701185624
answer,val_ans,26,0.9242262700609398,-0.005652230791792556,0.7588890111195673
x,val_ans,26,0.767286956728766,-0.010632797449468656,0.6034523082399235
c1x,val_ans,26,0.8786611902766346,-0.004457669184544377,0.726923995991225
y,val_ans,26,0.9093195464878662,-0.004259503117454155,0.745329461410057
c2y,val_ans,26,0.9236277561744315,-0.009625727584812838,0.74957320299158
answer~nonlin,val_ans,26,0.22603091291139987,-0.009083509958268676,0.12354175328631278
x~nonlin,val_ans,26,0.33947771615752864,-0.014980710129777197,0.23152734110593798
c1x~nonlin,val_ans,26,0.16798208622979205,-0.006889062682743363,0.08693014762335194
y~nonlin,val_ans,26,0.10714782446450755,0.0017682191099526179,0.051255993982067816
c2y~nonlin,val_ans,26,0.23775598059224667,-0.003150256618847047,0.13380188673662274
answer,val_ans,28,0.8960874022579264,-0.0028972488640199856,0.7223999167875244
x,val_ans,28,0.731715059679066,-0.010117959149761546,0.5589219447626974
c1x,val_ans,28,0.848102643981188,-0.004225875337325435,0.6524177079690483
y,val_ans,28,0.8862521645853381,0.001239443890640457,0.6856589996597071
c2y,val_ans,28,0.8956184078277083,-0.009015898399723943,0.7161078684835115
answer~nonlin,val_ans,28,0.22248110102758012,-0.010662045806710152,0.1272300614990216
x~nonlin,val_ans,28,0.30726160970756333,-0.01635018425223267,0.22975323167509942
c1x~nonlin,val_ans,28,0.16320920375629233,-0.00780679839188303,0.10840212426195117
y~nonlin,val_ans,28,0.10160718622976361,0.0032872201298935755,0.0750290022945771
c2y~nonlin,val_ans,28,0.23266422075199455,0.0020683921481314815,0.13483689805879384
